,domain
AAACAAGTATCTCCCA-1,1
AAACAATCTACTAGCA-1,4
AAACACCAATAACTGC-1,6
AAACAGAGCGACTCCT-1,1
AAACAGCTTTCAGAAG-1,5
AAACAGGGTCTATATT-1,5
AAACAGTGTTCCTGGG-1,6
AAACATTTCCCGGATT-1,1
AAACCCGAACGAAATC-1,3
AAACCGGGTAGGTACC-1,5
AAACCGTTCGTCCAGG-1,6
AAACCTAAGCAGCCGG-1,1
AAACCTCATGAAGTTG-1,7
AAACGAAGAACATACC-1,3
AAACGAGACGGTTGAT-1,7
AAACGGGCGTACGGGT-1,1
AAACGGTTGCGAACTG-1,5
AAACTCGGTTCGCAAT-1,7
AAACTCGTGATATAAG-1,3
AAACTGCTGGCTCCAA-1,5
AAACTTAATTGCACGC-1,6
AAACTTGCAAACGTAT-1,5
AAAGACATGAAGTTTA-1,3
AAAGACCCAAGTCGCG-1,3
AAAGACTGGGCGCTTT-1,1
AAAGGCCCTATAATAC-1,6
AAAGGCTACGGACCAT-1,5
AAAGGCTCTCGCGCCG-1,5
AAAGGGATGTAGCAAG-1,7
AAAGGGCAGCTTGAAT-1,1
AAAGGTAAGCTGTACC-1,3
AAAGTAGCATTGCTCA-1,6
AAAGTCACTGATGTAA-1,3
AAAGTCGACCCTCAGT-1,7
AAAGTGTGATTTATCT-1,1
AAAGTTGACTCCCGTA-1,1
AAATAACCATACGGGA-1,1
AAATAAGGTAGTGCCC-1,3
AAATACCTATAAGCAT-1,5
AAATAGCTTAGACTTT-1,1
AAATAGGGTGCTATTG-1,7
AAATCCGATACACGCC-1,1
AAATCGTGTACCACAA-1,5
AAATCTAGCCCTGCTA-1,1
AAATGATTCGATCAGC-1,3
AAATGCTCGTTACGTT-1,3
AAATGGCATGTCTTGT-1,1
AAATGGCCCGTGCCCT-1,6
AAATGGTCAATGTGCC-1,5
AAATGTGGGTGCTCCT-1,4
AAATTAACGGGTAGCT-1,5
AAATTACACGACTCTG-1,1
AAATTACCTATCGATG-1,1
AAATTGATAGTCCTTT-1,6
AAATTGCGGCGGTTCT-1,2
AAATTTACCGAAATCC-1,3
AAATTTGCGGGTGTGG-1,6
AACAACTGGTAGTTGC-1,7
AACAATACATTGTCGA-1,6
AACAATTACTCTACGC-1,7
AACACACGCTCGCCGC-1,1
AACACGACTGTACTGA-1,1
AACACGAGACGCGGCC-1,5
AACACGCGGCCGCGAA-1,4
AACAGCTGTGTGGCAA-1,6
AACAGGAAATCGAATA-1,1
AACAGGATGGGCCGCG-1,7
AACAGGTAGTATGGAT-1,3
AACATATCAACTGGTG-1,1
AACATCGATACGTCTA-1,3
AACATTGAAGTTGATC-1,6
AACATTGGTCAGCCGT-1,2
AACATTGTGACTCGAG-1,5
AACCAAGACTTCTCTG-1,7
AACCAGTATCACTCTT-1,3
AACCATAGGGTTGAAC-1,6
AACCATGGGATCGCTA-1,3
AACCCAGAGACGGAGA-1,1
AACCCATCCCATGATC-1,6
AACCCGACAACCCGTG-1,6
AACCCGAGCAGAATCG-1,3
AACCCTACTGTCAATA-1,1
AACCCTGGTGGAACCA-1,1
AACCGAGCTTGGTCAT-1,7
AACCGCTAAGGGATGC-1,1
AACCGTTGTGTTTGCT-1,1
AACCTAAAGCCGTCCG-1,3
AACCTCGCTTTAGCCC-1,7
AACCTTTAAATACGGT-1,5
AACCTTTACGACGTCT-1,1
AACGAAAGTCGTCCCA-1,6
AACGATAATGCCGTAG-1,5
AACGATAGAAGGGCCG-1,1
AACGATATGTCAACTG-1,7
AACGCATGATCTGGGT-1,1
AACGCGACCTTGGGCG-1,5
AACGCGGTCTCCAGCC-1,7
AACGCTGTTGCTGAAA-1,1
AACGGACGTACGTATA-1,1
AACGGCCATCTCCGGT-1,6
AACGTACTGTGGGTAC-1,6
AACGTAGTCTACCCAT-1,4
AACGTCAGACTAGTGG-1,7
AACGTGATGAAGGACA-1,1
AACGTGCGAAAGTCTC-1,5
AACTACCCGTTTGTCA-1,3
AACTAGCGTATCGCAC-1,4
AACTAGGCTTGGGTGT-1,5
AACTCAAGTTAATTGC-1,5
AACTCCAGAGCGTGTT-1,1
AACTCCTAATCCCATG-1,1
AACTCGATAAACACGT-1,2
AACTCGATGGCGCAGT-1,2
AACTCTCAATAGAGCG-1,1
AACTCTCAGTGTGCTC-1,6
AACTGATATTAGGCCT-1,7
AACTGGGTCCCGACGT-1,7
AACTGGGTTCGAGCCG-1,3
AACTGGTGTGGGCCTT-1,3
AACTTCTGCGTCTATC-1,2
AACTTGCCCGTATGCA-1,7
AACTTGCGTTCTCGCG-1,2
AACTTTAGCTGCTGAG-1,2
AAGAAGGATCAGTTAG-1,2
AAGACCAAATAACTCA-1,6
AAGACCCAACTGAACA-1,5
AAGACTAACCCGTTGT-1,2
AAGACTCACGCCCACT-1,3
AAGACTGCAAGCTACT-1,5
AAGAGATGAATCGGTA-1,1
AAGAGCTCTTTATCGG-1,5
AAGAGGATGTACGCGA-1,5
AAGAGGCATGGATCGC-1,7
AAGAGGCCCTTTGGAA-1,3
AAGATGGCACCGGACC-1,6
AAGATTGGCGGAACGT-1,7
AAGCACCCTGCGTATC-1,7
AAGCATACTCTCCTGA-1,5
AAGCCGAAGCGGTTTA-1,3
AAGCCGCCGTGAAATC-1,6
AAGCGCAGGGCTTTGA-1,7
AAGCGGCGTCATGGGT-1,3
AAGCGTCCCTCATCGA-1,6
AAGCTAGATCGAGTAA-1,5
AAGCTCGTGCCAAGTC-1,5
AAGCTCTTTCATGGTG-1,7
AAGGAGAACTTATAAG-1,4
AAGGAGCGGTTGGTGC-1,7
AAGGATCGATCGCTTG-1,3
AAGGATGAGGGACCTC-1,7
AAGGCAGGCTGTCTCC-1,3
AAGGCGCGTAAAGCTT-1,7
AAGGCTGTGCTCATCG-1,5
AAGGGAACGACTGGCT-1,6
AAGGGACAGATTCTGT-1,7
AAGGGACTATGCATTC-1,6
AAGGTATCCTAATATA-1,7
AAGGTGATAAACCAGC-1,1
AAGTAAGCTTCCAAAC-1,4
AAGTAGAAGACCGGGT-1,1
AAGTAGTGACGCGAGG-1,7
AAGTCAATTGTCGTCA-1,1
AAGTGACGACCGAATT-1,5
AAGTGAGTCGGGTTTA-1,5
AAGTGCAAAGGTAGAC-1,1
AAGTGCCTTGACTGTA-1,1
AAGTGCGTTAGAATCT-1,6
AAGTGCTTCTCTATTG-1,6
AAGTGTTTGGAGACGG-1,7
AAGTTCACTCCAAGCT-1,1
AAGTTCAGTCTGCGTA-1,1
AAGTTCGGCCAACAGG-1,6
AAGTTTACTAATGGCA-1,3
AAGTTTATGGGCCCAA-1,7
AATAACAACGCTCGGC-1,5
AATAACACTAGAACAA-1,6
AATAAGTCCTCGAGAC-1,3
AATACAATGTTTCAGG-1,1
AATACCGGAGGGCTGT-1,6
AATAGAACAGAGTGGC-1,6
AATAGAATCTGTTTCA-1,7
AATAGCTACCGCGTGC-1,3
AATAGTCCGTCCCGAC-1,5
AATATCAAGGTCGGAT-1,3
AATATCGAATCAATGC-1,3
AATATCGAGGGTTCTC-1,1
AATATTGGAGTATTGA-1,7
AATCAGACTGCAGGAC-1,2
AATCATGTAAAGACTC-1,1
AATCCAAGGGCCTGAG-1,1
AATCCATGCAAGGGTG-1,2
AATCGCCTCAGCGCCA-1,7
AATCGCGCAGAGGACT-1,3
AATCGGGACACTACGA-1,1
AATCGTGAGCCGAGCA-1,1
AATCTAGGTTTACTTG-1,6
AATCTATGCCGGAGCC-1,3
AATCTCTACTGTGGTT-1,7
AATCTGCGTTGGGACG-1,7
AATCTGGCTTTCTAGT-1,6
AATCTGGGTAGACCCT-1,3
AATGACAGCAATGTCT-1,6
AATGACGTAGGATGTC-1,5
AATGACTGTCAGCCGG-1,7
AATGAGTTCGCATATG-1,2
AATGATGATACGCTAT-1,1
AATGATGCGACTCCTG-1,1
AATGCAACCGGGTACC-1,5
AATGCACCAAGCAATG-1,1
AATGGTCCACCGTTCA-1,1
AATGGTTCTCACAAGC-1,1
AATGTATGGCACTGTA-1,6
AATGTGCCCGAGGTGT-1,6
AATGTGCTAATCTGAG-1,6
AATTAAAGGTCGGCGT-1,5
AATTAACGGATTTCCA-1,5
AATTACGAGACCCATC-1,6
AATTACTCGTACGCTC-1,2
AATTAGCGCTGCAGCG-1,5
AATTCATAAGGGATCT-1,1
AATTCATTGTCATGCA-1,6
AATTCCAAGCATGTAC-1,5
AATTCGATTCGAGGAT-1,7
AATTCTAGAGTTAGGC-1,5
AATTGAACGCTCTGGT-1,7
AATTGCAGCAATCGAC-1,3
AATTGCGTGGATTACA-1,6
AATTTGGGACATAGTA-1,1
AATTTGGTTCCAAAGA-1,1
ACAAACCATGCGTCCT-1,6
ACAAACCGACAAGGCG-1,3
ACAAAGCATGACCTAG-1,1
ACAAATCGCACCGAAT-1,7
ACAAATGGTAGTGTTT-1,7
ACAAATTCAGATCTGA-1,3
ACAACAGCATGAGCTA-1,5
ACAACGGTCCCTGCGA-1,1
ACAAGCAGTGCCTAGC-1,7
ACAAGGAAATCCGCCC-1,5
ACAAGGACAAGAGGTT-1,7
ACAAGGATGCTTTAGG-1,1
ACAAGGGCAGGCTCTG-1,5
ACAATAGTCGTACGTT-1,5
ACAATCCATTTAAACC-1,5
ACAATCGATCTTTATA-1,3
ACAATGAATACGGAGA-1,6
ACAATTGTGTCTCTTT-1,1
ACAATTTGAGCAGTGG-1,7
ACACAAAGACGGGTGG-1,7
ACACACCAGGACCAGT-1,7
ACACACTTTCTACACG-1,1
ACACATGATCAAATCT-1,6
ACACATTGACGCAACA-1,2
ACACCCAGCATGCAGC-1,7
ACACCCGAGAAATCCG-1,1
ACACCGGTCTGACCGC-1,6
ACACCTTAAGTAGGGC-1,7
ACACCTTACTACTTGC-1,3
ACACGAGACTCCTTCT-1,5
ACACGGCACTATGCAT-1,1
ACACGGGAACTTAGGG-1,5
ACACGTAGGCCACAAG-1,3
ACACTCCAATGTCACT-1,2
ACACTGATCAAGGTGT-1,6
ACACTGGGACAGTCGT-1,3
ACAGAACTGAGAACAA-1,6
ACAGATTAGGTTAGTG-1,3
ACAGCATAGAGCCAGT-1,1
ACAGCGACATTCTCAT-1,1
ACAGCGCACCCGCAGC-1,1
ACAGGCTTGCCCGACT-1,1
ACAGGTGGAGGTGAGG-1,6
ACAGTAATACAACTTG-1,5
ACATAAGTCGTGGTGA-1,6
ACATAATAAGGCGGTG-1,7
ACATCAGCTGGGACGC-1,7
ACATCCCGGCCATACG-1,5
ACATCCTGGTAACTGT-1,1
ACATCGATCGTTTACC-1,5
ACATCGGTCAGCCGCG-1,5
ACATCGTATGCAATGG-1,7
ACATCGTTAACCTAGT-1,1
ACATCTCAACGCGTAA-1,3
ACATGGCGCCAAAGTA-1,1
ACATGGCTCAATTTAG-1,2
ACATTAGTTTATATCC-1,5
ACCAAACTAGAAATCC-1,3
ACCAACACCACACACT-1,3
ACCAACCGCACTCCAC-1,1
ACCAACGCTTATTTAT-1,6
ACCAAGAACGCGTGTC-1,1
ACCAATATGCAAGTTA-1,7
ACCACAACTCAGAACA-1,1
ACCACAAGTTTCTATC-1,5
ACCACCAATGTAACAA-1,1
ACCACGTGCAGCTATA-1,5
ACCACTGTTCAAGAAG-1,2
ACCAGCCCGGTCTTTG-1,3
ACCAGGAGTGTGATCT-1,4
ACCAGTGCCCGGTCAA-1,3
ACCAGTGCGGGAGACG-1,1
ACCATATCCGCAATAA-1,5
ACCATCCGCCAACTAG-1,5
ACCATCGTATATGGTA-1,5
ACCCAACGCCCGTGGC-1,7
ACCCACCTACATGCTC-1,1
ACCCATCTTGAGGGTA-1,5
ACCCATTTGTCCCTCT-1,1
ACCCGAGCGAAATTAC-1,6
ACCCGGAAACTCCCAG-1,5
ACCCGGATGACGCATC-1,1
ACCCGGTTACACTTCC-1,5
ACCCGTGTCATCAGTA-1,5
ACCCTATAGGACTGAG-1,2
ACCCTATGCCATATCG-1,6
ACCCTCCCTTGCTATT-1,7
ACCCTTCATCTGCGAA-1,1
ACCCTTTAGTTCTCCA-1,1
ACCGAAAGGGCCCTGC-1,3
ACCGAAGAGTCTGGTT-1,6
ACCGACACATCTCCCA-1,5
ACCGACTGAGTCCCAC-1,5
ACCGATGGTAGCATCG-1,7
ACCGCAATAACTGCCT-1,7
ACCGCGGTGGAAGTCG-1,1
ACCGGGCCTTTGTTGA-1,1
ACCGGTCAGGTACACC-1,6
ACCGGTCTGAGTACGG-1,3
ACCGTCCACTGGGCCC-1,6
ACCGTGACCACGTGGG-1,6
ACCGTTCCCGCTCTGA-1,3
ACCTAAGTACCTTTCA-1,6
ACCTAATCGACTTCCT-1,7
ACCTACAGTATGTGGT-1,3
ACCTACTATAAATCTA-1,5
ACCTCCGCCCTCGCTG-1,3
ACCTCCGTTATTCACC-1,3
ACCTCGAACTTATGCT-1,6
ACCTGCGTGTCATGTT-1,5
ACCTTTCCTTTAGAAG-1,3
ACGAAATGGGCGGCAC-1,7
ACGACTGGTCATACTC-1,6
ACGAGAACCCATCACG-1,4
ACGAGATATTTGCTTA-1,1
ACGAGGATACCACTCT-1,6
ACGAGGTTTACAACGT-1,6
ACGAGTACGGATGCCC-1,1
ACGATACATAGAACTA-1,7
ACGATCATACATAGAG-1,5
ACGATCATCTTGTAAA-1,1
ACGATGCATATGTTAT-1,5
ACGATGGATCCGATGC-1,1
ACGCAAACTAATAGAT-1,5
ACGCAATCACTACAGC-1,3
ACGCATACGTTTACTA-1,3
ACGCATTCGTGAGTAC-1,5
ACGCCAGATGATTTCT-1,7
ACGCCCAGCTGTCGAT-1,3
ACGCCGCTAGACGACC-1,5
ACGCGAAGTCAGACGA-1,5
ACGCGCTACACAGGGT-1,5
ACGCGGGCCAAGGACA-1,5
ACGCTAGTGATACACT-1,1
ACGCTGTGAGGCGTAG-1,5
ACGCTTAGTGTCTCTC-1,3
ACGGAATTTAGCAAAT-1,3
ACGGACTCTCAAAGCG-1,7
ACGGAGCGCAAATTAC-1,3
ACGGATGGTGCGGATA-1,7
ACGGCACTTGCTTGGG-1,5
ACGGCCAACATGGACT-1,5
ACGGCGACGATGGGAA-1,7
ACGGCGGGTTGCCCTG-1,2
ACGGCTGGATGTAGAA-1,6
ACGGGAGTGTCGGCCC-1,5
ACGGGTCATGTGACTT-1,2
ACGTACAGATTTCTCT-1,1
ACGTAGATTGCTGATG-1,5
ACGTATTACTCCGATC-1,1
ACGTCCTAAACGAGAT-1,3
ACGTGCGCCTCGTGCA-1,7
ACGTGGTCGAATGTGC-1,3
ACGTTAATGTCGAAGA-1,5
ACGTTAGATTTGCCCG-1,5
ACGTTCCGCGCTCCGT-1,3
ACGTTCGCAATCAATT-1,3
ACGTTCGTTCAGGAAA-1,6
ACGTTCTGTACAAGTC-1,1
ACGTTTAGTTGTGATC-1,1
ACTAATACGTCAGGCG-1,3
ACTACATCCCGACAAG-1,6
ACTACCAGCTCTCTGG-1,7
ACTACGCGTTAGAATT-1,5
ACTAGTTGCGATCGTC-1,1
ACTATATGCTGTGTTC-1,3
ACTATCCAGGGCATGG-1,1
ACTATCTGCCCGCGTA-1,3
ACTATGTCCAGCTGCC-1,6
ACTATTCGTCCGTGGT-1,1
ACTATTTCCGGGCCCA-1,6
ACTCAACGAATGTATT-1,4
ACTCAAGTGCAAGGCT-1,1
ACTCAATAAAGGCACG-1,7
ACTCAGACCTGCTTCT-1,3
ACTCATGGCAGCCTTC-1,6
ACTCCAATATCATCAT-1,6
ACTCCCATTCCTAAAG-1,5
ACTCCCGAATTCGTTT-1,1
ACTCCCTAATGCTAAA-1,5
ACTCCCTAGAATAGTA-1,5
ACTCGTAACCCGTCCT-1,6
ACTCGTCAGTAATCCC-1,7
ACTCTCTGACTTAGGT-1,5
ACTCTCTTATACACGA-1,1
ACTCTTGTATAGTAAC-1,5
ACTGAAACGCCGTTAG-1,1
ACTGAATGGCGAAAGT-1,7
ACTGATTTAGTGATTC-1,3
ACTGCCCGCCATTCTC-1,6
ACTGCCGTCGTAACTC-1,7
ACTGCTCGGAAGGATG-1,6
ACTGTACGATACACAT-1,7
ACTGTAGCACTTTGGA-1,7
ACTGTATACGCGAGCA-1,3
ACTGTCCAGGATTATA-1,5
ACTGTCTTCTTTAGAA-1,5
ACTGTGCTAGTAGATC-1,3
ACTGTTTAGTGTAGGC-1,3
ACTTACCGGGCGCGCA-1,1
ACTTACGCATCCACGC-1,7
ACTTAGTACGACAAGA-1,3
ACTTATACTTACCCGG-1,7
ACTTATCTGATCTATA-1,4
ACTTATTAGGATCGGT-1,5
ACTTATTTATGTGCCA-1,7
ACTTCAGGCTGATCCC-1,7
ACTTCCATGCGGGACA-1,1
ACTTCGCCATACGCAC-1,7
ACTTGACTCCCTCTTT-1,5
ACTTGCCATATTGTAC-1,3
ACTTGGGACCCGGTGG-1,5
ACTTGTAGTCCCTTCA-1,5
ACTTGTGGATGGAACG-1,3
ACTTTACCCTCATGAA-1,1
ACTTTCCTATAGCTTC-1,5
ACTTTGACTGCATCCT-1,5
ACTTTGGTCGTGCTCC-1,6
AGAAATTATGACTCGC-1,3
AGAACCCTCAATTGGG-1,6
AGAACGTGGTACATTC-1,7
AGAAGAGCGCCGTTCC-1,7
AGAAGGTACACTTCAC-1,6
AGAAGGTTGCCGAATT-1,5
AGAAGGTTGTAGGTCG-1,7
AGAAGTGATTCGTGAT-1,6
AGAATAAATCTTCAGG-1,7
AGAATGCGGGTTCGGA-1,3
AGAATTATGGATTCGA-1,1
AGAATTGTTTGACATA-1,2
AGACATAGATCCTTCC-1,3
AGACCAAACCACACCT-1,5
AGACCATGGGATACAA-1,1
AGACCCACCGCTGATC-1,5
AGACCCGCCCTCCTCG-1,5
AGACCGCTCCGCGGTT-1,3
AGACCGGGAAACCCTG-1,5
AGACGAAGTGCCGGTC-1,1
AGACGACGATGCCGCT-1,6
AGACGGGATTGGTATA-1,3
AGACGGGCCGATTTAA-1,3
AGACTAGCCTTCCAGA-1,7
AGACTGTTACCGGGTC-1,6
AGAGAAACACCAGAAA-1,6
AGAGAACCGTCTAGGA-1,7
AGAGAAGGAGTACAAT-1,6
AGAGATCTCTAAAGCG-1,5
AGAGCAGTTATGAGAC-1,1
AGAGCCGCCGAGATTT-1,3
AGAGCGGGCTAATCAT-1,7
AGAGCGTACAAGCTCG-1,1
AGAGGCTTCGGAAACC-1,1
AGAGGTATCTCGGTCC-1,4
AGAGTAAACTTCACTA-1,1
AGAGTTAGAGACCGAT-1,3
AGATAACTTCAGGGCC-1,5
AGATACCGGTGTTCAC-1,5
AGATACGACTTCATAT-1,1
AGATACTCAAGATCGA-1,7
AGATATAATACGACTA-1,7
AGATCGTGCATAAGAT-1,1
AGATCTCAGGTGTGAT-1,5
AGATGACTCGCCCACG-1,7
AGATGAGGGTTGCGAT-1,1
AGATGATGGAGTCTGG-1,1
AGATGCAAGACGTGCA-1,6
AGATGCTATAACGAGC-1,2
AGATTATAGGACGTTT-1,5
AGATTCACAACCGATA-1,6
AGCAAAGGCCGCTAGT-1,7
AGCAACATATCTTATT-1,1
AGCAACCGAAAGTAAT-1,6
AGCACACGTTTAGACT-1,6
AGCACCAGTACTCACG-1,5
AGCACTACCGGCCTGT-1,7
AGCACTACCTCACCAG-1,7
AGCACTTAAGGACGCC-1,7
AGCAGAAGGAGAAAGA-1,5
AGCAGCCAGATGAATA-1,5
AGCATATCAATATGCT-1,1
AGCATCATTTCGAAAG-1,6
AGCATCGTCGATAATT-1,7
AGCCAAGCTTTGTGTC-1,5
AGCCACAGGTTACCCG-1,1
AGCCACTCCCGTGCTT-1,7
AGCCCATACATGTAAG-1,5
AGCCCGGCATTAGAGG-1,6
AGCCCGGTAGCCTGTA-1,5
AGCCCTAAGCGAAGTT-1,1
AGCCCTCCCTGGTGGC-1,6
AGCCCTTCTAATCCGA-1,1
AGCCGTGGCTAAATGT-1,6
AGCCTAATACCCACGT-1,5
AGCCTTAAAGCGGAAG-1,1
AGCGACAGGAACGGTC-1,6
AGCGACATCCCATTCA-1,7
AGCGACCAACGATATT-1,7
AGCGAGACGTGAAGGC-1,6
AGCGATGCGCCTAATA-1,3
AGCGCATAATGAATCG-1,5
AGCGCGGGTGCCAATG-1,1
AGCGCTTATGGGCAAG-1,3
AGCGGACACTTCGTAG-1,5
AGCGGCGGTTAGCGGT-1,5
AGCGGGAAGGGTCCAT-1,3
AGCGGGTCTGACACTC-1,5
AGCGGTTGAGATGTAC-1,3
AGCGTAGCGCTAGACC-1,2
AGCGTCTGAACCCGCA-1,4
AGCGTGGTATTCTACT-1,5
AGCGTTCCGATTTAAA-1,3
AGCTAACAAGCAATGT-1,6
AGCTAAGTACGCAGGC-1,1
AGCTAGAAGCAGAAGT-1,1
AGCTATTTAATCCAAC-1,1
AGCTCCATATATGTTC-1,3
AGCTCCTTCGCACATC-1,7
AGCTCTAGACGTTCCA-1,5
AGCTCTTCCCAGTGCA-1,1
AGCTCTTCGTAACCTT-1,1
AGCTCTTTACTCAGTT-1,5
AGCTGAAGTAAACCAA-1,7
AGCTGTAACCTCAATC-1,6
AGCTTATAGAGACCTG-1,2
AGCTTCAATACTTTGA-1,3
AGCTTGATCTTAACTT-1,5
AGGAAAGCCTCTGATG-1,2
AGGAAGCTGTCCGCCG-1,5
AGGACAGTCGAATCCC-1,7
AGGACATCGCACGTCG-1,1
AGGACGACCCATTAGA-1,5
AGGACGCTCGATGTTG-1,1
AGGAGGCCTTCGCGCG-1,1
AGGATAAAGTCGGGAT-1,5
AGGATATAGGGATTTA-1,1
AGGATCACGCGATCTG-1,5
AGGCAAAGAGGAATCA-1,4
AGGCACGTGACTGTCC-1,3
AGGCAGATGCGTAAAC-1,7
AGGCAGGGAGCGTACT-1,6
AGGCATTGTCGTAGGG-1,1
AGGCCACCCGTTATGA-1,7
AGGCCCATTGTACAGG-1,1
AGGCCCTAGAACGCCA-1,5
AGGCCTGAGAATCTCG-1,1
AGGCGGTTTGTCCCGC-1,6
AGGCGTCTATGGACGG-1,3
AGGCTATGGTTAGCTT-1,1
AGGCTTCCCGAAGAAG-1,6
AGGCTTGCTAGACACC-1,1
AGGGAAACGAGGTACT-1,1
AGGGACAGCACGGCGG-1,4
AGGGACCGGCTGCGTT-1,3
AGGGACTCTACGCGAC-1,5
AGGGAGACATACTTCG-1,3
AGGGCAGCGGCGTGGT-1,1
AGGGCGAGCAGCTGAT-1,5
AGGGCGTGATCGGCTA-1,1
AGGGCTGCAGTTACAG-1,5
AGGGTCAGAGCACTCG-1,6
AGGGTCGATGCGAACT-1,1
AGGGTGCCGTTCTTTA-1,6
AGGGTGCTCTCGAGGG-1,7
AGGGTGGATAGTGCAT-1,1
AGGGTTCCCTTTGGTT-1,7
AGGGTTTAGTTCGGGA-1,5
AGGTAACCTCCTATTC-1,3
AGGTACGATATTGCCA-1,1
AGGTAGATCGAGATAT-1,6
AGGTAGGTACAAAGCT-1,5
AGGTATAATTGATAGT-1,1
AGGTCAGGTGAGAGTG-1,5
AGGTCGCCACTTCGGT-1,2
AGGTCGCGGAGTTACT-1,1
AGGTGGTGACCTTCGC-1,5
AGGTGTATCGCCATGA-1,7
AGGTTACACCATGCCG-1,3
AGGTTCTCCTTTCCGG-1,6
AGGTTGAGGCACGCTT-1,7
AGGTTTCACACACCTT-1,5
AGTAACGTTCATCCTG-1,3
AGTAATGTCTTGCCGC-1,1
AGTAATTTGCAAGCGT-1,6
AGTACATCATTTATCA-1,3
AGTACCTTCGAGTGCT-1,3
AGTACGGCCCGTATCG-1,7
AGTACGGGCACCTGGC-1,7
AGTACGTGGCCTGTCT-1,1
AGTACTCTTATGCCCA-1,1
AGTAGAAGGCGCCTCA-1,5
AGTAGCGTGAACGAAC-1,3
AGTAGCTAGACGCCGA-1,3
AGTAGGAAGGAAGTTG-1,1
AGTAGGTAACATACAT-1,1
AGTATAATACTAGGCA-1,1
AGTATACACAGCGACA-1,5
AGTATCCATAATAACG-1,2
AGTATGCTGGAGACCA-1,6
AGTATTTGGCACGACC-1,5
AGTCAAATGATGTGAT-1,6
AGTCAACACCACCATC-1,5
AGTCAAGATGACACTT-1,1
AGTCACTAGCTCTCGA-1,1
AGTCACTCCGCCTCAT-1,2
AGTCAGCCACCGCCTG-1,3
AGTCCAGCGGGTACGT-1,2
AGTCCATTGGCTGATG-1,1
AGTCCCGCCTTTAATT-1,1
AGTCGACGGTCTCAAG-1,7
AGTCGGCCCAAACGAC-1,7
AGTCGGCTCAACTTTA-1,5
AGTCGGTTGCGTGAGA-1,3
AGTCGTATAAAGCAGA-1,7
AGTCGTCGACCACCAA-1,1
AGTCGTGGGCATTACG-1,6
AGTCTAAAGTATACTC-1,3
AGTCTCACAAGACTAC-1,6
AGTCTGGACATCCTTG-1,2
AGTCTTCTCCTCAAAT-1,7
AGTCTTTAAAGTGTCC-1,7
AGTGAACAAACTTCTC-1,1
AGTGACCTACTTTACG-1,5
AGTGACTGTGACACAA-1,6
AGTGAGACTTCCAGTA-1,7
AGTGAGCCTCGCCGCC-1,1
AGTGAGGGTTTCTGAC-1,1
AGTGATAACCTGCGCG-1,1
AGTGATATGAGTAGTT-1,6
AGTGATTCAAGCAGGA-1,7
AGTGCACGCTTAAGAA-1,1
AGTGCGTAGCTCGTAA-1,6
AGTGCTAAACACAGCA-1,1
AGTGCTTGCACGAATA-1,7
AGTGGCGGCAATTTGA-1,1
AGTGGCGTCTGAAGGT-1,1
AGTGGCTCCGTCGGCC-1,5
AGTGGTGTTACCCGTG-1,5
AGTGTATTGCGCATTG-1,1
AGTGTGCTAAGATCGC-1,2
AGTGTGGTCTATTGTG-1,1
AGTTAAACACTTGCGA-1,5
AGTTAAGCGGTCCCGG-1,1
AGTTAAGTCAACCGCT-1,6
AGTTACCGCACATGGT-1,1
AGTTACTCTATCGTGG-1,1
AGTTATTGAAAGGTAA-1,3
AGTTCCTACAGAATTA-1,5
AGTTCCTATTTATGTT-1,5
AGTTCTGCGTTGTATC-1,2
AGTTGACATCGGCTGG-1,2
AGTTGACGGTCCTTGC-1,5
AGTTGCTGACTGATAT-1,2
AGTTTCGCAGGTCGGA-1,1
AGTTTGCACCTGCCTC-1,7
AGTTTGGCACGGGTTG-1,1
AGTTTGGCCAGACCTA-1,6
ATAAACCATTGGACGG-1,4
ATAAACGGACCCGTAA-1,5
ATAAACGTTGCACCAC-1,3
ATAAAGGCTCGGTCGT-1,5
ATAAAGGTCAAGTACG-1,1
ATAAATATTAGCAGCT-1,5
ATAACGCCGGAGGGTC-1,7
ATAACGGAGTCCAACG-1,7
ATAAGGTGGAGAACAT-1,5
ATAAGTAGGATTCAGA-1,1
ATAAGTAGGGCGACTC-1,1
ATAAGTTACCGCGACG-1,5
ATAATACCGTTAGCCG-1,2
ATAATAGCTGTTGAAT-1,5
ATAATAGTGTAGGGAC-1,1
ATAATCTTGGAGAACC-1,7
ATAATTAGCTAAGTAG-1,5
ATACAGGCCCTCCAAT-1,5
ATACCACGGGCAACTT-1,7
ATACCAGCAAATTGCT-1,3
ATACCAGGCTAATAGA-1,3
ATACCAGGTGAGCGAT-1,4
ATACCTAACCAAGAAA-1,5
ATACGCCGATCTACCG-1,2
ATACGCCGGCGAAACC-1,5
ATACGGAACGTCGTTT-1,6
ATACGGGTTTCGATTG-1,7
ATACGGTGAAGATGCA-1,7
ATACGTACTTAGCCAC-1,7
ATACGTCCACTCCTGT-1,1
ATACGTTATGCACGGA-1,5
ATACTACCCGTACCAC-1,3
ATACTAGCATGACCCT-1,7
ATACTCTCGCCACTCT-1,2
ATACTGCCTTACACCG-1,7
ATACTTGTTCTCGAGC-1,1
ATAGACAACGGGACCT-1,1
ATAGACGAAGAGAAAG-1,5
ATAGAGTACTGGGACA-1,7
ATAGAGTTATCAACTT-1,1
ATAGATTTGCAGTCGG-1,3
ATAGCAACTAGGGAAG-1,1
ATAGCCTCAGTACCCA-1,2
ATAGCTGCTCTTGTTA-1,2
ATAGGAATCTAAGCTT-1,3
ATAGGCGGCTATAGAA-1,5
ATAGGCTAGCTTCGCA-1,1
ATAGGGATATCCTTGA-1,7
ATAGGTTGGGCAGATG-1,5
ATAGTCTTTGACGTGC-1,1
ATAGTGAAGCGTTCTC-1,5
ATAGTTCCACCCACTC-1,1
ATATAAAGCGCTCGTG-1,5
ATATAAATGTAGCTGC-1,7
ATATAACACGGGCGCA-1,1
ATATACGCTCGTGACG-1,3
ATATAGAGTATTGGTC-1,6
ATATCAACCTACAGAG-1,1
ATATCAATTCCAGCCT-1,6
ATATCGGTAGGGAGAT-1,1
ATATCGTGCCAGACCC-1,3
ATATCGTTCCTCGAAC-1,1
ATATCTCCCTCGTTAA-1,1
ATATCTTAGGGCCTTC-1,5
ATATGTCTCCCTAGCC-1,1
ATATTCAGTTAAACCT-1,6
ATATTCCACATAGTGA-1,7
ATATTCCCACAGGTCA-1,1
ATATTGCTGTCAAAGT-1,1
ATATTTAACCCTCAAG-1,5
ATCAAACACTGTTCCA-1,1
ATCAAACGAAGGTTTG-1,6
ATCAATCTGGGCTGCA-1,5
ATCAATGCCGTGGCTG-1,6
ATCACATTAGAATATC-1,7
ATCACGTGCTAATTAA-1,6
ATCACTTCATCCTCGC-1,7
ATCAGACGGCACGCCG-1,6
ATCAGCCTCATGCTGC-1,1
ATCAGCTCGTCCACTA-1,5
ATCAGGTCGCCATTGC-1,3
ATCAGTAGGCAGGGAT-1,7
ATCATAGCCCTATGTA-1,3
ATCATCCAATATTTGT-1,5
ATCATCTGCCCAGTGT-1,3
ATCCAACGCAGTCATA-1,7
ATCCAATGGAGGGTCC-1,5
ATCCACATCGACAGAA-1,7
ATCCACGCTAAATGTT-1,1
ATCCAGAGCAACAACC-1,6
ATCCAGGATTCGTGAA-1,5
ATCCCATCCACAGCGC-1,6
ATCCTACCTAAGCTCT-1,5
ATCCTGAATCGCTGCG-1,5
ATCCTGCGTGGAATGG-1,6
ATCCTGCTGCAGATAG-1,4
ATCGACCCAATACAGA-1,5
ATCGACTCTTTCCGTT-1,7
ATCGCACGATTGTTCA-1,2
ATCGCACGCCGGGAGA-1,5
ATCGCCAGTCAACATT-1,1
ATCGCTGCGTGCAGCA-1,3
ATCGGAGACAGACGGC-1,7
ATCGGCAAGCAGTCCA-1,1
ATCGTGGAAAGTCTGG-1,6
ATCGTTAGCTAGCGGA-1,1
ATCGTTCACTTTCGCC-1,1
ATCTAATATCCTACGG-1,5
ATCTAGCTTGTGAGGG-1,5
ATCTCCCACGGAATAT-1,3
ATCTCCCTGCAATCTA-1,7
ATCTCGTGAGCGAAAC-1,3
ATCTGACATGGAAGGA-1,6
ATCTGATAGTGTCTTA-1,2
ATCTGCACCTCTGCGA-1,1
ATCTGCTGTTATCGCC-1,5
ATCTGGGCTGTTCTTG-1,5
ATCTGGTTAAGACTGT-1,7
ATCTGTAATTGTACCC-1,1
ATCTTAGGGCATTAAT-1,6
ATCTTATCGCACACCC-1,3
ATCTTGACCTGCAACG-1,7
ATCTTGACTTGTCCAA-1,1
ATGAAGCCAAGGAGCC-1,7
ATGACGCCGGCTCTAA-1,1
ATGACGCGTTCTATCC-1,6
ATGACTATCAGCTGTG-1,6
ATGACTATGCGACATT-1,7
ATGAGGAGTGTTAATC-1,7
ATGATCGGGAATAGAC-1,1
ATGATGCAATGGTACA-1,5
ATGCACGCGCTGTTCA-1,6
ATGCACTACCGCATTG-1,7
ATGCATGATCCAGGAT-1,5
ATGCATTCCGTGATGG-1,4
ATGCCAATCGCTCTGC-1,3
ATGCCATTTGCGACCA-1,7
ATGCCGGTCTTGCATA-1,5
ATGCCGGTTGATGGGA-1,1
ATGCGACAATTGGTCC-1,3
ATGCGACAGTCCCATT-1,5
ATGCGAGTCCCACCAC-1,1
ATGCTCAGTGTTGCAT-1,1
ATGCTCTGGCGCGGTA-1,7
ATGCTTAGGAGTTGAT-1,3
ATGGAAATTTAAGGAG-1,6
ATGGAGCAGGCCGTGA-1,5
ATGGATCCGGCGTCCG-1,7
ATGGATTGACCAAACG-1,5
ATGGCAGCATTACGAT-1,6
ATGGCTGGAAATGGCC-1,1
ATGGGAACGGAAGCGG-1,3
ATGGGACCTGCTGAAC-1,6
ATGGGCCTCGGCCTCT-1,7
ATGGGTGTATACCTCC-1,6
ATGGTATTTACTGATT-1,6
ATGGTCGCGTGGTTTC-1,7
ATGGTGCTCAAAGCCA-1,4
ATGTAAGGCTGCTCTT-1,3
ATGTACATGCGGTGAG-1,3
ATGTACGATGACGTCG-1,5
ATGTAGCGCGCGTAGG-1,7
ATGTGAAAGCCTAATG-1,5
ATGTGCATCCGACGCA-1,7
ATGTGGACATCTTGAT-1,5
ATGTGTAGTTTAGTCA-1,3
ATGTTACGAGCAATAC-1,3
ATGTTCGTCGACCCAC-1,7
ATGTTGTAGTCTGTTT-1,5
ATTAAACATGCGGACC-1,5
ATTAATACTACGCGGG-1,7
ATTAATGAACCAGTCG-1,7
ATTAATTCGGTCACTC-1,1
ATTACAACTACCGGCC-1,1
ATTACATGTCAGTCTT-1,3
ATTACCACACTGCCTG-1,3
ATTACGCGCTGGCAGG-1,5
ATTACTAGCCTCTTGC-1,1
ATTACTTACTGGGCAT-1,1
ATTAGATTCCTCAGCA-1,1
ATTAGATTGATAGCGG-1,7
ATTAGGCGATGCTTTC-1,5
ATTATACTTTGCTCGT-1,7
ATTATAGCTACTTTAC-1,3
ATTATCTCGACAGATC-1,3
ATTATGAGACCCAATT-1,6
ATTATGCCATAGGGAG-1,7
ATTATTATGTCCGTCA-1,6
ATTCAAAGTACCTGTT-1,2
ATTCAACCATTTAAGG-1,1
ATTCACTGATGTTGGA-1,5
ATTCAGGACCTATTTC-1,1
ATTCAGGATCGCCTCT-1,3
ATTCAGTAGCAGGGTC-1,1
ATTCATATACTGTCCA-1,5
ATTCATCGTTGAGGCA-1,1
ATTCCCACATAAACAA-1,1
ATTCCTAAGACGTGGA-1,3
ATTCCTCCGCCAGTGC-1,7
ATTCCTTCCAGGCGGT-1,2
ATTCGACGCCGGGCCT-1,7
ATTCGTGCTATCTCTT-1,3
ATTCTCGTCTCTTTAG-1,1
ATTCTGAGTATGAACT-1,1
ATTCTTCGTACTTATG-1,1
ATTGAAGATCTTAGTG-1,5
ATTGACGTAACTCGGT-1,1
ATTGATAGCAACGAGA-1,2
ATTGATCACCACATTT-1,5
ATTGATGAGTCCTAAC-1,1
ATTGCCTATTAGACCG-1,6
ATTGCCTTTATGTTTG-1,1
ATTGCGATCAGTAACT-1,1
ATTGCTGCTCCTCCAT-1,5
ATTGGATTACAGCGTA-1,1
ATTGGGAATATCTTGG-1,1
ATTGTACAACTCGGCT-1,1
ATTGTCGCAATACCTT-1,1
ATTGTGACTTCGCTGC-1,3
ATTTAACTCGTATTAC-1,1
ATTTACAGTTTACTGG-1,7
ATTTACTAAGTCCATT-1,3
ATTTCATTATTTCGCG-1,1
ATTTCCGGGTTCTGCG-1,6
ATTTGCCTAGTTACGA-1,3
ATTTGCGCGAGTAGCT-1,6
ATTTGTCTTGGGAGCT-1,7
ATTTGTTCCAGGGCTC-1,7
CAAACGAGTATCGCAG-1,6
CAAACGGTCGCACTTT-1,7
CAAACGTGGTCTTGCG-1,3
CAAACTACGATAGAGA-1,1
CAAACTATTGAGCTTC-1,1
CAAACTCGCGACGCCG-1,3
CAAAGATTATTGGGCC-1,6
CAAATCTCTCACAAGG-1,5
CAAATGCGGAGTGTTC-1,4
CAAATGTCCTTCCGTG-1,5
CAAATTGTCAGCAAGC-1,1
CAACAGAATAACGCTA-1,3
CAACAGTGCCAAACGG-1,3
CAACATGGCCTGATAA-1,2
CAACCTACCGAGCAGT-1,3
CAACGACCCGTTTACA-1,7
CAACGGTTCTTGATAC-1,1
CAACGTGGTGGAGTCT-1,3
CAACTATATCGAATGC-1,1
CAACTCCAACGTTTAG-1,3
CAACTCCGTAACTTGC-1,3
CAACTCCTTGATCCCG-1,1
CAACTGCTCATCCGAT-1,5
CAACTTGTAGTGGGCA-1,3
CAAGAGGGCGGAGTAC-1,5
CAAGATATTATAACGT-1,7
CAAGCAACGTCGGAGT-1,5
CAAGCACCAAATGCCT-1,7
CAAGCGGCACATAATT-1,5
CAAGGATCGCATGTTC-1,5
CAAGGTCCTATAGGCT-1,3
CAAGTGAACTTTGGTT-1,3
CAAGTGTGGTTGCAAA-1,1
CAATAAACCTTGGCCC-1,7
CAATACGCTCTGAGGC-1,5
CAATATGTAGATTTAC-1,4
CAATATTCTTGACCTA-1,6
CAATCCATTATCCGTT-1,3
CAATCCCTATACCAGC-1,1
CAATCCTGCCGTGGAG-1,2
CAATGCGAGAAGTATC-1,7
CAATGGAATCTACATA-1,1
CAATGGATCTCTACCA-1,7
CAATGGTCGGCCTGGG-1,3
CAATGTGCCAACCCTT-1,3
CAATTAAGGGTGATGA-1,5
CAATTTCGTATAAGGG-1,5
CAATTTGACCGGGAAG-1,2
CACAAGAAAGATATTA-1,3
CACAAGCTAAGAAAGG-1,6
CACAATGAGCTGCTAT-1,5
CACACACGCTAACGAG-1,3
CACACAGCTTGCGCTC-1,3
CACACAGGGATAGATT-1,1
CACACGCGCTGTCTTA-1,7
CACACGTTTCAATGGG-1,3
CACACTTGTATTGCGA-1,3
CACAGAGACGAGGACG-1,6
CACAGCACCCACGGCA-1,5
CACAGCTAGGGAGTGA-1,7
CACAGGGCCATATAGT-1,1
CACAGGGCCGTTGTCA-1,5
CACAGTCCCGCTTCGC-1,3
CACAGTTCGCTTCCCA-1,3
CACATAAGGCGACCGT-1,2
CACATATTAGCAGGAT-1,5
CACATCGTGCACGCGC-1,6
CACATCTCACCGACGA-1,7
CACATGATTCAGCAAC-1,5
CACATGTTTGGACATG-1,2
CACATTCTTTCGATGG-1,1
CACATTTCTTGTCAGA-1,1
CACCAGTCAGCATGCA-1,6
CACCATCGGAGGAGAC-1,1
CACCCAAATCTTATGT-1,1
CACCCACACGTCACCC-1,1
CACCCACGAGGCAATT-1,1
CACCCGGTTTGTGACT-1,6
CACCCTAACAAGATCT-1,7
CACCCTTGGTGAGACC-1,6
CACCCTTTCCTCGCTC-1,3
CACCGATACACCGAGC-1,1
CACCGCCAGAAGGTTT-1,5
CACCGCCGACCAGCGA-1,1
CACCGCGTCCACTCTA-1,3
CACCGGAGATATCTCC-1,3
CACCGGTAGAGACATT-1,6
CACCGTATCCCATCCG-1,1
CACCGTTAGGGATCAC-1,6
CACCGTTGCGCGATAT-1,6
CACCTAATAGAGTCGT-1,3
CACCTAATCAGTTTAC-1,7
CACCTCGATGGTGGAC-1,7
CACCTTGCGAAACTCG-1,7
CACCTTGGCGCCTTTG-1,1
CACGAAAGTTAGTCCC-1,7
CACGACCACAGACTTT-1,3
CACGACGTAATAGTAA-1,3
CACGACTAAAGTTCTG-1,4
CACGATTGGTCGTTAA-1,4
CACGCACAGCGCAGCT-1,7
CACGCAGCGAGGCTTT-1,5
CACGCGGAACTGTTGC-1,1
CACGGCGCGCCAAAGG-1,3
CACGGGATTGAGGGTT-1,1
CACGTCGGCAACCTCT-1,6
CACGTCTATGATGTGG-1,3
CACGTTCGTGCTCTAG-1,7
CACGTTTCGTACACAC-1,1
CACTAAAGTTGCCTAT-1,5
CACTACGGGAGCTGCC-1,3
CACTACTCAGTTCTGT-1,1
CACTCAAGAGCTATGG-1,5
CACTCAGCTCTTGAGG-1,1
CACTCCTATGTAAGAT-1,6
CACTCCTCTCGGTCGG-1,1
CACTCGAGCTGAACAA-1,5
CACTCGGTTAGGAGGA-1,7
CACTCTTCTGCTAGCC-1,3
CACTGACGATTGTGGA-1,5
CACTGTCCAAGTGAGA-1,1
CACTTAATCAGACGGA-1,5
CACTTCGCCACAGGCT-1,1
CACTTCGTCTTATCTC-1,2
CAGAACTTAGCCCTCT-1,7
CAGAATAACACACGGA-1,3
CAGACACCGATCGCTG-1,6
CAGACCTGTAAGTGTT-1,1
CAGACGAACCTGATAC-1,6
CAGAGACGGTCACCCA-1,5
CAGAGCATGAGCTTGC-1,5
CAGAGGCGATGCATGA-1,6
CAGAGTGATTTAACGT-1,1
CAGATACTAACATAGT-1,7
CAGATATGAAGATGAC-1,6
CAGATCATTTAAAGTC-1,3
CAGATCCTGGTTTGAA-1,6
CAGCAGCCCGTTCCTT-1,7
CAGCAGTCCAGACTAT-1,1
CAGCAGTCTGTGCTGC-1,7
CAGCCCTCACAGGCAG-1,3
CAGCCGGGCCCTCTAT-1,1
CAGCCTCCTGCAGAGG-1,7
CAGCCTCTCCTCAAGA-1,1
CAGCGATTCCCTTCAA-1,6
CAGCTCACTGAGACAT-1,5
CAGCTCGACAAGTTAA-1,7
CAGCTCGTGCTTGTGT-1,1
CAGCTGGCGTAACCGT-1,6
CAGCTTAGTAGGTAGC-1,7
CAGGAAGACTTTATAT-1,1
CAGGATATATCGTTGT-1,5
CAGGATCCGCCCGACC-1,4
CAGGCAGTCTTACCAG-1,1
CAGGCCGTTTGGGTGT-1,5
CAGGCGCACGGTGGTC-1,6
CAGGCGCCATGCTAGG-1,5
CAGTAACTATTTATTG-1,1
CAGTAATCCCTCCCAG-1,1
CAGTACATTCTCTAAA-1,1
CAGTACCAGTTTACGT-1,5
CAGTAGCCCACGCGGT-1,7
CAGTAGCGAGGTAGTA-1,2
CAGTCGAGGATGCAAT-1,1
CAGTCTCTCGGCTAAT-1,2
CAGTCTGTATACTGGG-1,5
CAGTGAATAAATGACT-1,7
CAGTGGTTGCACATGA-1,2
CAGTGTCCGCAGAATG-1,1
CAGTGTCGGCTGGCCC-1,1
CAGTGTTAATCTCTCA-1,6
CAGTTCAAATTGACAC-1,5
CAGTTCCGCGGGTCGA-1,1
CATAACGGACAGTCGT-1,1
CATAAGAAGCTTGGCT-1,7
CATAAGCTCTCCGTCT-1,5
CATAATGAGCGGGCGA-1,3
CATACAAAGCCGAACC-1,3
CATACACGGTTCCCAC-1,5
CATACCCGTACCCAGT-1,5
CATACGAACTAGCTGG-1,6
CATACGGCGTCTGGGC-1,5
CATACGGGTGCATGAT-1,2
CATACTATGTAATTGT-1,5
CATACTTAGGCAATAC-1,3
CATAGCCGCCCGGGAT-1,1
CATAGCGTTGCCCACC-1,6
CATAGTACATTGAGAG-1,1
CATAGTAGCATAGTAG-1,1
CATAGTCAAATACATA-1,1
CATAGTCCACAAGAAC-1,6
CATATACTACTGATAA-1,1
CATATAGGTACAGTCA-1,5
CATATGTCAGGCTACG-1,6
CATATTATTTGCCCTA-1,1
CATCATCTACCCGGAC-1,1
CATCATTACCCTGAGG-1,1
CATCCAATATAGTTTG-1,6
CATCCGCAGGCCCGAA-1,2
CATCCTCTCAAAGATC-1,1
CATCGAATGGATCTCT-1,2
CATCGCCCGCGGCCAA-1,1
CATCGGACGGGTTAAT-1,5
CATCTATCCCGTGTCT-1,1
CATCTTACACCACCTC-1,1
CATGAACCGACATTTG-1,3
CATGAACCTCTTATCA-1,3
CATGACTTCGCTGAAT-1,1
CATGAGATGCACTCTC-1,7
CATGATGCACAATTCT-1,7
CATGATGGAAGTTAGC-1,1
CATGCACGTGTTACTG-1,3
CATGCATGGAGACCCT-1,1
CATGCCAACTCGCAAA-1,5
CATGCGACCAGTTTAA-1,1
CATGCGTTAGACAGAA-1,1
CATGCTGGCTCCAATT-1,1
CATGGAAATGGGACCA-1,3
CATGGATTGTCTTCCG-1,1
CATGGCAGGAAGATCG-1,7
CATGGGTATGCCTTAT-1,7
CATGGGTCGGGTGTGG-1,7
CATGGTAAGTAGCGTT-1,5
CATGGTATTAGTTTGT-1,6
CATGGTCTAGATACCG-1,5
CATGTAAGAGACATTT-1,1
CATGTAGGAGCGCCAA-1,3
CATGTCTCATTTATGG-1,7
CATTACGTCGGCCCGT-1,7
CATTATAACAGGGTCC-1,3
CATTATCCCATTAACG-1,6
CATTATGCTTGTTGTG-1,7
CATTCACTGACAGCTA-1,3
CATTCAGGTCAGTGCG-1,2
CATTCCCTAAGTACAA-1,2
CATTGCAAAGCATAAT-1,3
CATTGCGAAATGGGCG-1,7
CATTGTGTGCTAGATC-1,2
CATTTAGCGGACCATG-1,7
CATTTATCGTTCAAGA-1,1
CATTTCTAGCAGACTA-1,3
CATTTGAGTGGTACGT-1,6
CCAAACAGAACCCTCG-1,7
CCAAAGCAGTTGGTTG-1,2
CCAAATAACAAGATTC-1,3
CCAACCTTATGTAACT-1,6
CCAACGATGCACTGAT-1,7
CCAACGCTTGCCAGGG-1,3
CCAAGAAAGTGGGCGA-1,6
CCAAGACTTCTGCGAA-1,7
CCAAGCGTAACTCGTA-1,5
CCAAGGAACAGAGAGG-1,1
CCAATAGTGCCGTCGA-1,5
CCAATCGGTAGATCGA-1,1
CCAATGTCACAGCAAG-1,5
CCAATTACGGGTCGAG-1,1
CCAATTGAATGTTAAT-1,7
CCACAATGTACGTCTT-1,7
CCACACTGAGATATTA-1,5
CCACAGCTGAAATCAT-1,2
CCACAGTACCCATCCT-1,1
CCACATACTGCACCCA-1,3
CCACCAACTTTACTGT-1,6
CCACCCAAGGAAAGTG-1,5
CCACGAATTTAACCTC-1,3
CCACGAGAAGAGAATC-1,7
CCACGGAGCCATAAGA-1,6
CCACGGTGCCCGGTAG-1,1
CCACTAAACTGAATCG-1,2
CCACTGGTGGCTGGTT-1,5
CCACTGTTTGGATTAA-1,3
CCAGAAAGCAACTCAT-1,6
CCAGAGACAAAGCCGG-1,1
CCAGATAGTTGAGTGA-1,7
CCAGCCTGGACCAATA-1,5
CCAGCTACGCCTCATA-1,4
CCAGCTCGAACGCATT-1,5
CCAGCTGATGGTACTT-1,7
CCAGCTTCCGCCCGCA-1,1
CCAGGGACGTGGCCTC-1,5
CCAGTAGTCTGATCCA-1,7
CCAGTCAAATCTCTTA-1,5
CCAGTCCATTATTCGA-1,2
CCAGTCTAGACGGCGC-1,7
CCAGTCTTGTCATAGA-1,5
CCATAAACAACCCGAC-1,1
CCATACCTTTACTTGT-1,1
CCATAGGTTGGCGTGG-1,7
CCATAGTCAGTAACCC-1,2
CCATATGGAAACTATA-1,1
CCATATTGGATCATGA-1,2
CCATCCATACCAAGTC-1,1
CCATCGCAGTTAAACT-1,5
CCATCTCACCAGTGAA-1,1
CCATCTTGTTCACAAT-1,4
CCATGCCCTAGATTTC-1,1
CCATGCCTGTTTAGTA-1,5
CCATGCTCTGCAGGAA-1,7
CCATGGCCCTTGTACC-1,7
CCATGTTCATCTATAT-1,6
CCATTAGCGATAATCC-1,5
CCATTCCCTGCCCACA-1,5
CCATTTCTACCTATTA-1,5
CCCAAACATGCTGCTC-1,7
CCCAACATACGTCGCG-1,5
CCCAACCACACTAACA-1,1
CCCAAGAATGCACGGT-1,3
CCCAAGACAGAGTATG-1,4
CCCAATGAGATTTGCA-1,6
CCCAATTTCACAACTT-1,5
CCCAGAGGAGGGCGTA-1,1
CCCAGGTCTGAAGGCT-1,3
CCCAGTAAACTTGGGA-1,6
CCCAGTTAAGGCGCCG-1,7
CCCGAAGTTTCGCGAA-1,5
CCCGACCATAGTCCGC-1,7
CCCGAGTTTCTCCGTA-1,3
CCCGCAGCGCGAACTA-1,5
CCCGCAGGGCCCAAAG-1,1
CCCGCCATGCTCCCGT-1,1
CCCGCGCAATGCACCC-1,1
CCCGCTAGAGGGTTAA-1,3
CCCGGGTCGTTCAGGG-1,5
CCCGGTGGAAGAACCT-1,1
CCCGGTGTATCGGAAT-1,6
CCCGTAAGTCTAGGCC-1,5
CCCGTAGCTGGGAAGA-1,6
CCCGTCAGCGTCTGAC-1,7
CCCGTTTCGCAGATGT-1,3
CCCTAGTGTCAGGTGT-1,2
CCCTATGTAGAGCAGA-1,6
CCCTCATTCTGGAATT-1,1
CCCTCCTCGCTCGTAT-1,1
CCCTCGGGAGCCTTGT-1,4
CCCTGAAATGAGTTGA-1,5
CCCTGACTAACAAATT-1,7
CCCTGATGTAACTCGT-1,2
CCCTGCCCAATCCGCT-1,5
CCCTGCGCTACGCATA-1,7
CCCTGGTATGGGCGGC-1,1
CCCTGTTGGCAAAGAC-1,2
CCCTTCTCGTACGCGA-1,4
CCCTTTAATGGAGTTC-1,3
CCCTTTGACAGGTCTT-1,5
CCGAAAGTGGTGAGCA-1,1
CCGAACACTGGGCCTC-1,5
CCGAACCTTCCCGGCC-1,5
CCGAAGTATATTGTTC-1,1
CCGACAAACACATGAG-1,2
CCGACAAAGGGAGTGC-1,7
CCGACAATAGGCCGCC-1,3
CCGACGGGCATGAGGT-1,6
CCGACGTAAACACAAC-1,1
CCGACTCGCATAGTCT-1,3
CCGAGAAGTCGCATAA-1,3
CCGAGCTGTGCTTGTC-1,3
CCGAGGGATGTTAGGC-1,3
CCGATCTCAACCTTAT-1,1
CCGATTCGAGGGACCC-1,5
CCGATTGGTCAATGAA-1,3
CCGCACAAAGACCAAC-1,5
CCGCACGTGACCTCGG-1,1
CCGCATGTGGTACGAT-1,5
CCGCCACCACAATCCA-1,3
CCGCCGGAACTTCTCG-1,6
CCGCCGGTCAACACAC-1,1
CCGCCGTTGAGGATAA-1,3
CCGCCTGCGAATTGGT-1,1
CCGCGATTTGGTAGGT-1,5
CCGCGGAATGCGTCAC-1,6
CCGCGGGTACGAAGAA-1,7
CCGCGTAGGTAAGGGC-1,7
CCGCTATCAGCACCAG-1,5
CCGCTCTTCCGAACTA-1,1
CCGCTGGTGCCATTCA-1,1
CCGCTTACCTCACTCT-1,6
CCGCTTCGCGGTTAAC-1,4
CCGCTTGCTGACATGG-1,3
CCGGAATGGTTTCAGT-1,1
CCGGAGCGTACTTTCT-1,5
CCGGCACGACCGTTTC-1,3
CCGGCGCATATTGGAT-1,1
CCGGCGTGAGACTCTG-1,5
CCGGGACCCGCAGAGA-1,1
CCGGGCGGTCTCGTCA-1,5
CCGGGCTAAGAATTTC-1,6
CCGGGCTGCTCCATAC-1,7
CCGGGTTCGAGGTTAC-1,5
CCGGTAATGGCTAGTC-1,3
CCGGTTTGTAATTGTG-1,6
CCGTAAGTTGGTCCCA-1,7
CCGTACCCAAGCGCCA-1,3
CCGTAGGAAATCCCTG-1,1
CCGTAGGGTTGTTTAC-1,3
CCGTATCTCGTCGTAG-1,6
CCGTATTAGCGCAGTT-1,3
CCGTCAACCTCTGGCG-1,6
CCGTGCCCATGACGGC-1,1
CCGTGGAACGATCCAA-1,3
CCGTGTTAAATTCCAT-1,6
CCGTTACGTTAGAACA-1,1
CCGTTCCGAATCTCGG-1,5
CCTAAACAGGGTCCGT-1,4
CCTAAAGGCTGACGCT-1,1
CCTAAATTAACGGTTC-1,5
CCTAAATTGTATCCTA-1,3
CCTAACCCAAACAAGT-1,1
CCTAACTAAGGCTCTA-1,1
CCTAAGTGTCTAACCG-1,2
CCTACAAGTCCGGAAT-1,3
CCTACATTCACAGACG-1,6
CCTACGCGACCTTACA-1,3
CCTACGGCTCAGTCGA-1,1
CCTACTGCTTACACTT-1,7
CCTAGGCGTAGCGATC-1,7
CCTAGGTAAAGGTAGC-1,5
CCTAGTTAGTCGCATG-1,1
CCTATAATGAGTGCCC-1,7
CCTATACCGTCCTGTC-1,6
CCTATATCGTGTCACG-1,6
CCTATATTTGTCCTGG-1,5
CCTATCTATATCGGAA-1,7
CCTATGAAGTGGTGCC-1,3
CCTATGGCTCCTAGTG-1,6
CCTATGGGTTACCGTC-1,5
CCTATGGTCAAAGCTG-1,5
CCTATGTCCACTCCAC-1,1
CCTCACCAATCTTGAC-1,1
CCTCACCTGAGGGAGC-1,1
CCTCACCTTAGCATCG-1,1
CCTCATGCAGCTACGA-1,2
CCTCCCGACAATCCCT-1,1
CCTCCGACAATTCAAG-1,7
CCTCCTAGCTAGAGTC-1,6
CCTCCTGTTGTGTCGT-1,1
CCTCGAAGTGGACGGG-1,1
CCTCGACCCACTGCCT-1,3
CCTCGCCAGCAAATTA-1,7
CCTCGCGCGATATAGG-1,1
CCTCGCGCTGTGCGAT-1,5
CCTCGGACCGGGATAG-1,7
CCTCGGATGCTACCTG-1,7
CCTCGGTTTCCTTGCC-1,6
CCTCTAATCTGCCAAG-1,7
CCTCTACAAGGATTGG-1,6
CCTCTATCGATTAGCA-1,6
CCTCTCTCCCATCTAG-1,5
CCTCTGGCCTAGACGG-1,1
CCTCTGTACTATTCTA-1,5
CCTGAACGATATATTC-1,7
CCTGAATATTTACATA-1,7
CCTGACCACCGATGGT-1,5
CCTGACGCAACCTTTA-1,3
CCTGCGTTCTACGCTT-1,7
CCTGCTATTTGAGAAG-1,7
CCTGGAAACGTTCTGC-1,3
CCTGGCTAGACCCGCC-1,7
CCTGGTCGAATGTGGG-1,5
CCTGTAAGACATGATA-1,5
CCTGTACTCACGCCCA-1,5
CCTGTCACCCGGGCTC-1,5
CCTGTCCCTCACGTTA-1,3
CCTGTCGCCCGTAAAT-1,5
CCTGTGCATAGGAGAC-1,2
CCTGTGCGGATTGTAA-1,3
CCTGTTTGAAGACACG-1,1
CCTTCAGTTAAAGTGA-1,6
CCTTCGTATAGAATCC-1,5
CCTTCTCAGCGTTCCT-1,5
CCTTCTTGATCCAGTG-1,7
CCTTGACCACTTTATT-1,3
CCTTTAAGGGAGCACT-1,5
CCTTTCAATGAAGAAA-1,1
CCTTTGAATTATGGCT-1,6
CGAAACATAGATGGCA-1,1
CGAAACGCAATTCATG-1,5
CGAACAGTATGGGCGT-1,1
CGAACCCGCATGCGTC-1,6
CGAACGCCCAGTGCCG-1,1
CGAACGGCCGGACAAC-1,5
CGAAGACTGCCCGGGA-1,4
CGAAGCTATAAATTCA-1,3
CGAAGGGTTTCAGATT-1,6
CGAAGTTGCTCTGTGT-1,7
CGAATCTGCTCGACGC-1,6
CGAATGAAGTCATTGC-1,6
CGAATGACGCATAATG-1,5
CGAATTACATGGTGTT-1,3
CGACAATTTGATCTAA-1,1
CGACACGCTCCGACAG-1,1
CGACAGTTCGCGTTAT-1,5
CGACATGCGATCTTCT-1,1
CGACCCTTAACGCCGG-1,5
CGACGCATCCGTACCT-1,5
CGACTCAGGATGTTAT-1,7
CGACTTTGTATAGCCT-1,1
CGAGACCCTAGAGTGT-1,5
CGAGAGATGTGAACCT-1,5
CGAGAGCGCGTAGATA-1,5
CGAGAGCTTTCACTAC-1,1
CGAGAGGGTAGCCGCG-1,3
CGAGATGTTGCCTATA-1,2
CGAGATTTCGCTCGGG-1,3
CGAGCACTTCAAGTTT-1,1
CGAGCGTTGATCAGCC-1,1
CGAGCTGGGCTTTAGG-1,7
CGAGGCCAGGCATTGG-1,2
CGAGGCTAAATATGGC-1,5
CGAGGGACTGCGGTCG-1,7
CGAGGGTATCCAGGTG-1,5
CGAGTACTAAAGAGGA-1,6
CGAGTGAAGGTACCAG-1,6
CGAGTGCTATAGTTCG-1,3
CGAGTTCTGTCCCACC-1,7
CGAGTTTATCGGACTG-1,1
CGATAATACTCAGGTT-1,3
CGATACCTCGCGGACA-1,5
CGATAGCGATACAGTG-1,6
CGATAGTCGTACTGCA-1,1
CGATATTAGCCGCAGG-1,4
CGATCCGACCCAGTGC-1,5
CGATCCTCGCAACATA-1,6
CGATCTGTTGGAGGAC-1,5
CGATGGACCCTACGCC-1,1
CGATGTTGTTATCTAC-1,6
CGATTAAATATCTCCT-1,5
CGATTCGCCTGGCTGC-1,7
CGCAAACACGAGTTAC-1,7
CGCAATTACTTTCGGT-1,1
CGCAATTAGGGTAATA-1,7
CGCAATTCTACAATAA-1,1
CGCACATGTCCACTAC-1,7
CGCACGTCTGTTTATG-1,6
CGCACGTGCGCTATCA-1,1
CGCAGAAACATTTGCG-1,1
CGCAGATCTTCACCCG-1,3
CGCAGGCGATCCAAAC-1,1
CGCATCATGGCTTCAG-1,1
CGCATGGTGCGATGCT-1,5
CGCATTAGCTAATAGG-1,5
CGCCAAGAAGCCGAGT-1,5
CGCCACAGGTCGCGAT-1,5
CGCCACCCGCATTAAC-1,2
CGCCATCCGATTATGA-1,7
CGCCCAGCACGCCTAG-1,5
CGCCCAGCGTTTCACG-1,1
CGCCCGCTTCCGTACA-1,7
CGCCCTAATTGTTCAA-1,6
CGCCCTTACATCCACC-1,3
CGCCCTTGAAGGCTGA-1,1
CGCCGCCCATGCCTGT-1,7
CGCCGCGTTCTGAACG-1,5
CGCCGTTCAGCATAGT-1,3
CGCCTCCCTCCTCTAT-1,5
CGCCTGGCCTACGTAA-1,5
CGCCTTTAGCATGCTC-1,3
CGCGAAGTGGCATACT-1,1
CGCGACCGCGACAGAT-1,7
CGCGAGAGGGACTTGT-1,3
CGCGAGTCTGCCGGGT-1,6
CGCGCAAATGTCCAGA-1,6
CGCGCAAGGAACTACA-1,2
CGCGCATGTTTGATTG-1,5
CGCGCCCGACTTAATA-1,7
CGCGGCAGTATTACGG-1,2
CGCGGCTCAACTTGAA-1,1
CGCGGGAATTAGGCAG-1,7
CGCGGTCACAAACCAA-1,3
CGCGTCATATTAAACC-1,3
CGCGTGCTATCAACGA-1,2
CGCGTTCATGAAATAC-1,5
CGCTACGGGACATTTA-1,5
CGCTAGAGACCGCTGC-1,1
CGCTATACCGCCCACT-1,3
CGCTATTCAATGTATG-1,1
CGCTATTCTTAGGCTC-1,5
CGCTCGACATAATGAT-1,7
CGCTCTCCGTAGATTA-1,5
CGCTGAGGACGTCCAA-1,4
CGCTGGTGACTACCCT-1,1
CGCTGTGACGCCGCAC-1,7
CGCTGTGTGGATGTTG-1,6
CGCTTAGTATTGATAC-1,5
CGCTTATTCCCGGTCG-1,5
CGCTTCCACTGAAATC-1,1
CGCTTTCATACCGGTG-1,1
CGCTTTCTTGCATTCG-1,7
CGGAAAGAATCAAACG-1,6
CGGAAATTTCACATCC-1,3
CGGAACGTAAACATAG-1,6
CGGAGCAATTTAATCG-1,5
CGGAGCATGGCGATCC-1,5
CGGAGCTTATAACACC-1,1
CGGAGTTTGAGAGACA-1,7
CGGATAAGCGGACATG-1,2
CGGATCCTCAAGGACT-1,7
CGGCAAACATCGTGCG-1,5
CGGCAATAAGATCGCC-1,3
CGGCACCGTTAGCGCC-1,1
CGGCACTCAAGAAAGT-1,3
CGGCAGGGTCGGGTTG-1,1
CGGCCACGCACAAAGT-1,5
CGGCCAGAGCGACCAT-1,5
CGGCCCAACCTGTAGT-1,3
CGGCCCAGGTATATCC-1,1
CGGCGCCATCAATCCC-1,1
CGGCTCTAAAGCTGCA-1,3
CGGCTCTTCGTCGAAC-1,1
CGGCTGCAAGATTAAG-1,3
CGGCTTTGTATGATAA-1,3
CGGGAATATAGTATAC-1,1
CGGGAATTTATGTAAA-1,5
CGGGAGCTTCAGTGTA-1,1
CGGGAGTATACCGCCG-1,2
CGGGATCAATGTAAGA-1,7
CGGGCAGCTAAACCGC-1,5
CGGGCCATAGCCGCAC-1,2
CGGGCCTTCTTTGTAA-1,5
CGGGTGTACCCATTTA-1,7
CGGGTTCGGCACGTAT-1,3
CGGGTTGTAGCTTTGG-1,2
CGGGTTTGTTAGGGCT-1,3
CGGTACTAGAATCAAA-1,7
CGGTAGAGGTGCAGGT-1,1
CGGTATAGGTATTAGC-1,3
CGGTCAAGTGGGAACC-1,7
CGGTCCGTCGCAAGCC-1,5
CGGTCTATCAACCCGT-1,1
CGGTGAAGACTAAAGT-1,7
CGGTGCAGATAGAACG-1,5
CGGTGCGCGTTGGTCC-1,6
CGGTGGGCTCCAGCCT-1,1
CGGTGTACTTGATCCC-1,1
CGGTTATCCAACAGTG-1,1
CGGTTCAAGTAGGTGT-1,1
CGGTTCCGGCTTCTTG-1,2
CGGTTGACCTGGCATA-1,5
CGGTTGAGTATCCTTC-1,6
CGGTTGGGTTCAAGTT-1,3
CGGTTTATGAAGGAAC-1,3
CGTAAACGCTTGAGTG-1,2
CGTAACTTCGACACTT-1,5
CGTACCTGATAGGCCT-1,7
CGTAGAGAGTAATTAT-1,1
CGTAGCGAATTGTCAG-1,1
CGTAGCGCCGACGTTG-1,3
CGTATTAAGAGATCTA-1,5
CGTCAAGGCTATAAAT-1,1
CGTCAATCTTTAACAT-1,2
CGTCACGTCCATTGGT-1,5
CGTCAGTGCGCACAAG-1,3
CGTCAGTTTATCGTCT-1,3
CGTCATACCATATCCA-1,2
CGTCGCATGTGAGCCA-1,7
CGTCGCGGCGGGATTT-1,2
CGTCGCTTGGTTATAC-1,6
CGTCGGATAGTGTTGA-1,1
CGTCGGGTCTAAGCGC-1,6
CGTCGTCCTTCGCGAA-1,7
CGTCTGGAAGGGCCCG-1,7
CGTGAAGTTAATTCAC-1,5
CGTGACATTGGGTCGT-1,1
CGTGACCAGTCCTCTG-1,5
CGTGCAGACTGGGACA-1,5
CGTGCATTGTCGACGC-1,5
CGTGCCCGACATTTGT-1,4
CGTGCCCTCCCGAAGA-1,5
CGTGCTTCTACCTAAA-1,6
CGTGGCCGAATATCTA-1,1
CGTGGTACCCAAAGGC-1,6
CGTGTCCCATTCGCGA-1,7
CGTGTCTCGTTACGAC-1,6
CGTGTGTTAAACCCTG-1,3
CGTTAAACTAGTTAGG-1,3
CGTTAATGTCCCGACG-1,1
CGTTAGCTCACAACTG-1,1
CGTTCAGACCCGCGAA-1,5
CGTTCATGGTGCGCGT-1,6
CGTTCTTCGCACACCT-1,3
CGTTGAATACCGCGCT-1,7
CGTTGAGCGACCGTCG-1,5
CGTTGAGTAATTGCGT-1,3
CGTTGCCCGCGTGGGA-1,6
CGTTGTAAACGTCAGG-1,2
CGTTGTAAGATTGATT-1,3
CGTTGTCGGCAATTGA-1,5
CGTTGTTTCAATTCCC-1,5
CGTTTAAGCGGAGCAC-1,1
CGTTTCACTTCGGGCG-1,1
CGTTTCGCTCATTACA-1,5
CGTTTGTGTAGAGGGT-1,6
CTAAACGGGTGTAATC-1,4
CTAAAGAATGCCTACT-1,5
CTAAAGGGAAATAGGA-1,5
CTAAAGTCCGAAGCTA-1,2
CTAAATCCGGTGTACA-1,6
CTAAATCCTATTCCGG-1,7
CTAACCGCGCGCCCGT-1,5
CTAACGAAACTTGCTG-1,1
CTAACTGATAATCGCC-1,3
CTAACTGGTCCGGTTC-1,6
CTAAGGGAATGATTGG-1,5
CTAAGTACAGGGCTAC-1,3
CTAATTCGCACGCGCT-1,7
CTAATTCTCAGATATT-1,1
CTAATTTCAACAACAC-1,1
CTACAAGAAATAACCC-1,6
CTACACTAGCTTGTTC-1,4
CTACACTCGCAGATGG-1,1
CTACATATCGCGGGAC-1,6
CTACCCTAAGGTCATA-1,7
CTACGAACTAGGTCGA-1,1
CTACGACTAGCTATAA-1,5
CTACGATCCTATCCTA-1,6
CTACGCACGGAGTACC-1,5
CTACGCCATTTCCGAT-1,1
CTACGTGTTGCCACCA-1,2
CTACTATCATAGGTTT-1,6
CTACTATCTTTCAGAG-1,1
CTACTCAAGGTATAGT-1,6
CTACTCTAGGCCCGGC-1,7
CTACTGCCACCTGACC-1,5
CTAGACATATATGTAG-1,3
CTAGACTGCATTTCGT-1,3
CTAGATAAACTCCTCG-1,2
CTAGATGTGAGTGTAA-1,1
CTAGATTTACGACGGC-1,5
CTAGCAACTAATTTAC-1,2
CTAGCATAGTATAATG-1,5
CTAGCCGATGTTATGA-1,1
CTAGGCGCCCTATCAG-1,1
CTAGGCGGCAGAGAAT-1,4
CTAGGGATAGGGACAA-1,6
CTAGGTCTGAAGGAAT-1,1
CTAGGTTCGGACGTGA-1,5
CTAGTAGAAAGGGATT-1,7
CTAGTATTCGGAATTA-1,1
CTAGTCACGTCTTAAG-1,5
CTAGTGAAGGACAGGA-1,5
CTAGTTACAACCCGGT-1,5
CTAGTTGGGCCCGGTA-1,5
CTATAAGAGCCAATCG-1,1
CTATAGGCGTTGATGT-1,6
CTATCGACGAAATACA-1,1
CTATCGGGTCTCAACA-1,5
CTATGCCCGAATGCAA-1,5
CTATGGGAAGCGGAAT-1,3
CTATGTCACTAGCCCA-1,5
CTATGTCTATTGAAAC-1,1
CTATGTGAGTCACGGC-1,5
CTATTCATGTGTCCCA-1,5
CTATTGTGTTTGGTCA-1,1
CTATTTGCTTGGAGGA-1,5
CTATTTGGTTACGGAT-1,7
CTCAAACCACTGCCCG-1,6
CTCAACTAACCCGGAT-1,1
CTCAAGACATTAGCGC-1,3
CTCACATTTACTAAAT-1,5
CTCACTGTGATACTTA-1,7
CTCACTTGGCTGGTAA-1,5
CTCAGGACTCACCTGT-1,1
CTCAGTCACGACAAAT-1,1
CTCATGGCTCACAATC-1,1
CTCATGGTAATTTGCG-1,6
CTCATTGCTCTAACAA-1,7
CTCATTTGATGGGCGG-1,7
CTCCCAATGAGTCGCG-1,3
CTCCCTCCTTTCGATC-1,6
CTCCGCCCACATGAGG-1,6
CTCCGGCCTAATATGC-1,7
CTCCGGCTTGTAGACA-1,2
CTCCTAAGTTATGTCT-1,3
CTCCTCCAGCTCACAC-1,5
CTCCTGTTCAAGGCAG-1,3
CTCCTTTACGCAAGTC-1,3
CTCGAATGGAACGTAT-1,3
CTCGAGACATACGATA-1,6
CTCGAGGTCGAACAGT-1,5
CTCGATATTTGCGAGC-1,1
CTCGCACCTATATAGT-1,7
CTCGCATTGCATAGCC-1,6
CTCGCCGAATGTAGGG-1,5
CTCGGGCATCGTCGGG-1,3
CTCGGGTTCTCTGGCC-1,6
CTCGGTACCACTGCTC-1,7
CTCGGTCCGTAGCCTG-1,1
CTCGGTTGTCGGCCCT-1,6
CTCGTCGAGGGCTCAT-1,6
CTCGTTACGGCTACCA-1,6
CTCGTTTCTAATGTTT-1,1
CTCTAATGCATTGATC-1,3
CTCTACACTGGCGATT-1,5
CTCTAGCCCTCGGAAA-1,1
CTCTATTTGGCTGCAG-1,5
CTCTCACAATCGATGA-1,5
CTCTCGATGTGCGCCT-1,3
CTCTCTAACTGCCTAG-1,6
CTCTGCGAAGCAAGCA-1,1
CTCTGGACGCCTGGTG-1,5
CTCTGTGCCTGCTATG-1,4
CTCTGTTTGAGGATTC-1,1
CTCTTCTATTGACTGG-1,1
CTCTTCTGGAAGTTAG-1,6
CTCTTGTCCCGCTTGG-1,5
CTGAAAGAGATCCGAC-1,7
CTGAATCCGAGACCTC-1,5
CTGAATTTATTGCCAG-1,3
CTGACATAGAAATAGA-1,3
CTGACTGCGCAGCTCG-1,1
CTGAGAAAGTTCGGCG-1,3
CTGAGCAAGTAACAAG-1,3
CTGATAGTGTATCTCA-1,7
CTGCAAATGGGCTCCA-1,3
CTGCAAGCACGTTCCG-1,3
CTGCACAACTACATAT-1,7
CTGCACCTGGAACCGC-1,1
CTGCACTCCAGTACAG-1,5
CTGCAGAGAATCAGAG-1,3
CTGCCAAGGTTGGAAG-1,7
CTGCCATGCATCACAT-1,5
CTGCCTAGCCACCAAG-1,1
CTGCCTTTAATACCTT-1,6
CTGCCTTTCTAGTAAA-1,1
CTGCGGGTGAAATGTT-1,7
CTGCGGTAGTCACGTG-1,1
CTGCGTTACGATATAA-1,1
CTGCTGAGGCCACGAA-1,6
CTGCTGTCTAACGAGC-1,3
CTGCTTGGCGATAGCT-1,7
CTGCTTTATGTCCGCG-1,3
CTGGAAATGGATGCTT-1,5
CTGGAAGACACGGTGG-1,7
CTGGACGCAGTCCGGC-1,5
CTGGATTTACACTTGA-1,5
CTGGCATCCGAATGAG-1,6
CTGGCGACATAAGTCC-1,1
CTGGCGCACAGGTCTG-1,7
CTGGCGGGAATAAGTA-1,1
CTGGCTCCTGCGGGAT-1,2
CTGGCTGATTCATCCT-1,1
CTGGCTGCTAACGTAA-1,2
CTGGCTGGTTGTCAGT-1,5
CTGGGATAAATAATGG-1,7
CTGGGATACGCTACCC-1,3
CTGGGATCGCCCAGAT-1,3
CTGGGCACTAGTCGGA-1,3
CTGGGCCTGCTATATC-1,5
CTGGGCGGCCAAATGT-1,3
CTGGGTAGGCAGTTAA-1,7
CTGGGTTGAGTTAAAG-1,6
CTGGTAAAGTGTGGGC-1,3
CTGGTAACACATAGAA-1,7
CTGGTAACGAGCTCTT-1,1
CTGGTCATTCCAATCC-1,1
CTGGTCCTAACTTGGC-1,1
CTGGTGAATGGGCCTA-1,6
CTGGTTCAACGCATCA-1,4
CTGGTTTCGAGCAAGA-1,7
CTGTACTTCTTAGCAT-1,5
CTGTAGCCATCTCACT-1,6
CTGTAGTGAGGATCGA-1,6
CTGTATGGTGTAGAAA-1,1
CTGTCAAATGGCTCGG-1,7
CTGTCACGCCAGGCGC-1,3
CTGTGCAGGGTAGGTC-1,5
CTGTGGTCGGGAGATA-1,1
CTGTTACCCAATCTAG-1,5
CTGTTCACTGCCTGTG-1,7
CTGTTCATCTCACGGG-1,1
CTGTTGTTCAGTCGTA-1,6
CTTAACTTCGAAGTAC-1,1
CTTACACGGTATTCCA-1,5
CTTACACTGGGAAATA-1,1
CTTAGCCTTCCACATG-1,7
CTTAGGTATAGACCAG-1,6
CTTAGTAGGCCTACAG-1,1
CTTAGTGTAGTAGCAT-1,1
CTTAGTTGAGGAATCG-1,6
CTTATGCGCTCAGGGC-1,5
CTTATGTTGACTACCA-1,2
CTTCAACTCCACTTGG-1,7
CTTCAGTGGTCGCCTA-1,6
CTTCATAGCTCAAGAA-1,1
CTTCATTGTCAGTGGA-1,5
CTTCCGCTCCGTGAAG-1,6
CTTCCTGCATATTTAC-1,4
CTTCGGCCAATTGTTT-1,3
CTTCGTAGATAGGTGA-1,5
CTTCGTGCCCGCATCG-1,2
CTTCTATGTTGAAGTA-1,5
CTTCTATTAATGCTAG-1,6
CTTCTGGGCGTACCTA-1,6
CTTCTTACGTCGTATA-1,1
CTTGACCCGAAAGATA-1,1
CTTGAGGTTATCCCGA-1,2
CTTGAGTTAGGGTAAT-1,1
CTTGCAACCGCCTCCT-1,5
CTTGCCCAGGCTCTAC-1,5
CTTGGCCAAGCTGGGA-1,5
CTTGTACTTGTTGACT-1,7
CTTGTCAACATTCGAG-1,5
CTTGTCGTACGTGTCA-1,4
CTTGTGAGGACAGCGG-1,2
CTTGTGAGTCTTTGAC-1,3
CTTGTGCTCACCGATT-1,1
CTTGTTGCTGAGTCAA-1,7
CTTGTTTATGTAGCCA-1,1
CTTTAACTTTCAAAGG-1,7
CTTTAATATTGGTCGA-1,5
CTTTACCGAATAGTAG-1,7
CTTTAGGAACACTGTT-1,7
CTTTAGTGCTATTATT-1,5
CTTTCTGTGCGGGCTT-1,5
CTTTGAAACATATTCC-1,3
CTTTGCATCGCTCTTG-1,1
CTTTGGCGCTTTATAC-1,7
CTTTGGCTTTAGTAAA-1,5
CTTTGGGATTGTTGCA-1,6
CTTTGTCGAATGCTCC-1,6
GAAACAGATGACCACC-1,7
GAAACAGCCATGCAGT-1,1
GAAACATAGGAAACAG-1,6
GAAACCATGGTGCGCT-1,3
GAAACCGAATTACCTT-1,5
GAAACCTATACAAATG-1,5
GAAACTCGTGCGATGC-1,1
GAAACTCTAATGAAGG-1,1
GAAAGAACAGCGTTAT-1,1
GAAAGCAGTGCACTTT-1,5
GAAAGCCCTTTGGACC-1,7
GAAAGTGACTAACTGC-1,1
GAAATACCTGCTGGCT-1,1
GAAATACTAAACGTTT-1,2
GAAATATCACCATCAG-1,7
GAAATATGCTTGAATG-1,3
GAAATCGCGCGCAACT-1,7
GAAATGGCGGTGTTAG-1,5
GAAATGGGATGTAAAC-1,2
GAAATTAGCACGGATA-1,1
GAAATTCACATCGCTG-1,1
GAAATTGTCTCTATAA-1,5
GAACAACTGGGATGAA-1,1
GAACACACATCAACCA-1,7
GAACAGATTACTAAAT-1,5
GAACCATCTGGGAGAC-1,3
GAACCCTCTGTGTTCT-1,5
GAACCTCGACCTACAC-1,5
GAACCTTTAACGATCC-1,7
GAACGACCGAATGATA-1,7
GAACGCGGGTCACACG-1,3
GAACGTCTCATGGTCG-1,7
GAACGTTAGGAAGACG-1,7
GAACTGTGGAGAGACA-1,5
GAACTTAGCGCCCGGT-1,3
GAAGAAACGATATTGT-1,6
GAAGAACGGTGCAGGT-1,1
GAAGACTTCAATGCCG-1,3
GAAGCAAGGCAATGTT-1,2
GAAGCCACTGATTATG-1,7
GAAGCCTGCACATTCC-1,5
GAAGCGTGAGGAATTT-1,5
GAAGCTCGGACCCGTC-1,6
GAAGCTTGCTGACCGC-1,7
GAAGGACTAAATTGAA-1,2
GAAGGAGTCGAGTGCG-1,5
GAAGGGCATAACCATG-1,2
GAAGTCAGTTGCACTA-1,5
GAAGTCTCCCTAGCGA-1,7
GAAGTGATTTATCGTG-1,5
GAAGTGCTGGATAGCT-1,1
GAAGTTTCCACTCAAT-1,5
GAATAGACGCGACCCA-1,7
GAATAGCATTTAGGGT-1,3
GAATAGCCCTGCGGTC-1,3
GAATAGTGCTCGATTA-1,6
GAATATTCGGAGTCCC-1,1
GAATCGACATGGTCAC-1,7
GAATCGCCGGACACGG-1,3
GAATCTATACTCGGAC-1,3
GAATCTGAACATTCTC-1,5
GAATGCCGAAATGACC-1,2
GAATGCGAATCGGTTC-1,7
GAATGTATGGCAGGTC-1,1
GAATGTGGTCCGGATT-1,7
GAATGTTGGGTAATCT-1,7
GAATTATAGTGAAAGG-1,5
GAATTCACCCGGGTGT-1,5
GAATTTCTCGCTGCAG-1,7
GACAAACATATGCAGG-1,1
GACAACGACCATTGAA-1,7
GACAACGCAGCTTACG-1,7
GACAAGAGATGAGATT-1,3
GACACAAGGGAAGAAA-1,5
GACACGAGTTAGAGGA-1,1
GACACTGAGTTCAGTG-1,6
GACACTGGAACCCGAT-1,3
GACAGATTTCTGGCTC-1,5
GACAGCCAGACCTGAC-1,7
GACAGGCACACACTAT-1,5
GACATCCGTCGAACTG-1,7
GACATCGATTTATAAC-1,6
GACCAAACGTTGACTG-1,3
GACCAGAGCCCTGTAG-1,5
GACCAGGTCATTCATA-1,3
GACCCAATTATGATAC-1,6
GACCCGTCGCCGGCTA-1,1
GACCGACGTGAAAGCA-1,3
GACCGACTGAAGCGTC-1,7
GACCGATTAAATATGT-1,6
GACCGCGTCTGACGTG-1,3
GACCGTCAGGTCGTGA-1,1
GACCGTGCTGACGGTG-1,5
GACCTTCCACGTCTAC-1,7
GACGACGATCCGCGTT-1,5
GACGAGGCTAATAAAC-1,1
GACGCATACCCGTCGG-1,6
GACGCCGTAAAGGCTA-1,5
GACGCCTGTTGCAGGG-1,3
GACGCTTGCTTCTAAA-1,5
GACGGACCGCGTTCCT-1,3
GACGGGATGTCTTATG-1,2
GACGGGTTGGCCCGTA-1,5
GACGGTCAATAGAAGC-1,1
GACGTGAGACTCCATG-1,2
GACGTGTAGGGATTAT-1,7
GACTAACACAGCACCT-1,1
GACTAAGATCATGCAC-1,7
GACTAAGTAGGCTCAC-1,7
GACTACAAAGCGGTGG-1,6
GACTACAATTGCTCGT-1,1
GACTAGGCCGTTAGGT-1,7
GACTCACCCACGTGAG-1,1
GACTCCCAGAATAAGG-1,3
GACTCCTTCCAATTGA-1,6
GACTCGCGGGAATGAC-1,1
GACTCGGTCGGCGGAT-1,3
GACTGATTGGTCACAA-1,3
GACTGCAAATCGAGCT-1,7
GACTGCACCAGCCCAG-1,7
GACTGCGGCACGTGTA-1,1
GACTGCTGGTGAGAAA-1,6
GACTGGGCGCCGCAAC-1,3
GAGACTGATGGGTAGA-1,5
GAGACTTCGCGACCGA-1,5
GAGAGGGCGCGAGGTT-1,5
GAGAGGTGCATTCTGG-1,5
GAGAGTCTCGGGAGAG-1,6
GAGATCTGCTTGGCAT-1,5
GAGATCTGTCACTCCG-1,5
GAGATCTTCCATGACA-1,5
GAGATGGGAGTCGACA-1,5
GAGCACCTGTGTCCAG-1,7
GAGCATCAACAACTTG-1,6
GAGCATCATCCCTGGG-1,3
GAGCCACGGTAGTAGG-1,3
GAGCCAGCTACCTGTG-1,1
GAGCCGAGCGTTTATT-1,3
GAGCGAGGGAGTACCG-1,1
GAGCGCAAATACTCCG-1,3
GAGCGCGCACGAGTAG-1,1
GAGCGCTATGTCAGGC-1,2
GAGCGCTGTTAGGTAA-1,6
GAGCGGAATGCGGTGT-1,5
GAGCTAAGGGCATATC-1,7
GAGCTCTCGGACCTAA-1,1
GAGCTGTCGTCTCGGA-1,3
GAGGAATGGAGAGGTT-1,7
GAGGAGATCCTCATGC-1,2
GAGGAGTAATTCCTAC-1,4
GAGGATAAACAGTGCT-1,3
GAGGCCCGACTCCGCA-1,6
GAGGCCTGTTGATACA-1,3
GAGGCTATCAAAGTCG-1,7
GAGGGAGTCAGATCGC-1,6
GAGGGCATCGCGTATC-1,3
GAGGGCGCAGCTCTGC-1,7
GAGGGTAGTAACAAAG-1,6
GAGGTACATCCATCTT-1,1
GAGGTACGCGTGTCCC-1,5
GAGGTCCCAAAGATCT-1,1
GAGGTCTTAGTGGGTC-1,3
GAGTAAACCGGAAAGT-1,3
GAGTAAGGCCACGGGA-1,5
GAGTACGGGTATACAA-1,1
GAGTAGATACTAGTTG-1,5
GAGTATGCCCGCCTTG-1,6
GAGTATGCGCGTGCAT-1,7
GAGTCAGACCAGAATC-1,6
GAGTCCGCTTACCGGA-1,5
GAGTGTCAACCAGAAA-1,1
GAGTGTGCGGTACCCA-1,7
GAGTTGATGGCAATTT-1,6
GAGTTGTCACCAGTCT-1,6
GATAAATCGGTGGATG-1,1
GATAACTCGCACTGTG-1,7
GATAAGGCAGATGCAA-1,2
GATACGATGGGAGTCA-1,6
GATAGGTAACGTTGAC-1,5
GATAGTGCGAGTAAGT-1,6
GATATCTCATGCAATA-1,1
GATATGAGACACTAAC-1,7
GATATGCGGTAGCCAA-1,1
GATATGGATTACGCGG-1,1
GATATTGAGATTGGCG-1,1
GATATTTCCTACATGG-1,1
GATCAACATAAAGGGA-1,6
GATCATTCCAAACATT-1,5
GATCCCTTTATACTGC-1,5
GATCCGGGAATTAACA-1,5
GATCCTAAATCGGGAC-1,1
GATCCTCGACACTGGC-1,6
GATCCTCTTGCGCTTA-1,1
GATCGACACTATCTGA-1,7
GATCGCGGGCTCTCCA-1,5
GATCGCTACCCGATTT-1,1
GATCGCTATATCTCAG-1,6
GATCGGATAGAACCAT-1,5
GATCGGCGATAAGTCG-1,2
GATCGGTGGCCATAAC-1,5
GATCGTGACTGATATC-1,5
GATCTCGACGCTGTGG-1,3
GATCTGCTATCTAAGG-1,5
GATCTTGGAGGGCATA-1,5
GATCTTTGCAGGGTAT-1,5
GATGACAAGTAGGGCA-1,6
GATGACGATGATCGCG-1,3
GATGAGGAACCTTCGG-1,7
GATGATTTGAAACTGG-1,4
GATGCCACACTACAGC-1,4
GATGCCAGCAGAAGGC-1,1
GATGCCTTCTGCGGCA-1,6
GATGCGTCCTGCATTC-1,5
GATGCTACAAGCGCCT-1,1
GATGCTGTATTTCATC-1,5
GATGGCGCACACATTA-1,1
GATGGTGCCCTAGGCA-1,1
GATGTAACGAACCACC-1,6
GATGTCCGGATCACAT-1,4
GATGTCGGTCAACTGC-1,1
GATGTGTTGTCACAAG-1,1
GATGTTCAATCCACGA-1,5
GATGTTTGTGCGAGAT-1,1
GATTAACCGAAAGCCC-1,1
GATTAATCCTGGCTCA-1,2
GATTACTGAATTTGGG-1,5
GATTCCCTTGTCGCAG-1,7
GATTCCGCGTTTCCGT-1,1
GATTCCTATACGGCGC-1,1
GATTCGACGGTTCACG-1,5
GATTGACACTCTGCTC-1,3
GATTGCTCCAGTTGCA-1,6
GATTGGGAAAGGTTGT-1,7
GCAAACCCTACATTAT-1,7
GCAAACCTTGGCCATA-1,5
GCAAACGTAAGCGACC-1,6
GCAAACGTCGCCAGGT-1,3
GCAAAGGGCGTTAGCC-1,6
GCAAATATTACGCTTT-1,5
GCAACACACTAGAACT-1,5
GCAACAGCAGTATGCG-1,1
GCAACCACCAGACCGG-1,1
GCAACCACGGCCGCGT-1,5
GCAACGGCTAGTTATG-1,3
GCAAGAATTCCTTGGC-1,6
GCAAGATGTGTTCGCG-1,3
GCAAGTGCACAGAGAA-1,7
GCAAGTGTAAAGCATG-1,6
GCACAAACCCTAGATG-1,6
GCACAAACGAGGCGTG-1,3
GCACAACCTCGGGCGT-1,6
GCACAAGTGTCGGAAG-1,1
GCACACACTGGTAGCC-1,1
GCACACGCCCATGGTC-1,7
GCACAGCACGGGCCGA-1,6
GCACGCCTACTTAGAT-1,6
GCACGTGGTTTACTTA-1,3
GCACTAGTCGCGCTAT-1,1
GCACTGCCTACCTTTA-1,5
GCACTGTGCAAATGTA-1,4
GCAGACCCAGCACGTA-1,1
GCAGATCCATAAGACT-1,7
GCAGATCCTCGCAAAT-1,1
GCAGATTAGGGATATC-1,5
GCAGCACACAGCCCAG-1,5
GCAGCCTATATCACAT-1,3
GCAGCGGTGGGCATTA-1,4
GCAGGAACTTAGATCT-1,6
GCAGGACTATAGAATA-1,5
GCAGGTAGAGTATGGT-1,1
GCAGTGTGGCTATAGG-1,7
GCATACGAGGTCTTTA-1,7
GCATAGAGCACTCAGG-1,5
GCATCCCTAACTTTGA-1,1
GCATCGGCCGTGTAGG-1,1
GCATGAGGGACGCGGC-1,7
GCATTCAAGGCAACGC-1,3
GCATTCGAAATGAACA-1,1
GCATTGTAATTCATAT-1,5
GCATTTCCAAGGCTCC-1,3
GCCAACCATTTCCGGA-1,1
GCCAAGAATACTTCTG-1,5
GCCAATAGGGCATCTC-1,1
GCCACAATTTAAGGAC-1,6
GCCACTCAGAGCGCGA-1,1
GCCAGGAAAGAACACT-1,6
GCCAGGAGTAACCGAT-1,1
GCCAGGCGTTCGCATG-1,1
GCCATATTGCACACAG-1,1
GCCATCGAGCTGCGTG-1,6
GCCATCGATGCTGCAT-1,1
GCCATTAGCCTCAAAC-1,6
GCCCACCAAGGCTGTC-1,3
GCCCAGTTGGTATGCC-1,1
GCCCATGGGTGCAATG-1,3
GCCCGACTTCTTCCCG-1,6
GCCCGAGAGTCTAAAT-1,6
GCCCGATCTGTGGTCG-1,5
GCCCGCGCGTAAACGG-1,6
GCCCGCGCGTTTGACA-1,1
GCCCGTAATACCTTCT-1,7
GCCCTAGCCGTCGCGA-1,6
GCCCTGAGGATGGGCT-1,7
GCCGAAATTCCTACGT-1,5
GCCGACCCACGACTGC-1,6
GCCGATTGGCCAAGCT-1,5
GCCGCATTAGTCCGGC-1,7
GCCGCTAGATACGCAG-1,3
GCCGCTTGTGAGAAAC-1,5
GCCGGAAACACATCTT-1,4
GCCGGGTTAGGGTCGC-1,5
GCCGGTTTGGGCGGAT-1,2
GCCGTCGGTTTCGGGC-1,6
GCCGTGGAAGAAATGT-1,3
GCCTAGCGATCTGACC-1,1
GCCTATAGTGTCAGGG-1,7
GCCTATTCCGATATAG-1,1
GCCTATTTGCTACACA-1,3
GCCTCATCTGGAAATA-1,1
GCCTCCGACAATTCAC-1,1
GCCTCTATACATAGCA-1,7
GCCTGCTACACTGAGA-1,3
GCCTTCAGCCCTACCG-1,1
GCCTTGTATATGCAGT-1,2
GCCTTTGTCAGTGGAC-1,6
GCGAAACGATCGGGAG-1,1
GCGAAACTTAACTGGA-1,7
GCGAAGAATCTGACGG-1,1
GCGAAGCCATACCCGT-1,5
GCGACATGTAAACATC-1,1
GCGACCCAACCATCTG-1,6
GCGACGATAGTTGTAC-1,5
GCGAGAAACGGGAGTT-1,2
GCGAGAGGCCATGTAA-1,3
GCGAGAGTTGCGTCCA-1,1
GCGAGCGCATGCTCCC-1,1
GCGAGGCCCGAGCAGA-1,5
GCGAGTTCTGCAAAGA-1,5
GCGATTCTGGAAGCAG-1,1
GCGATTGTTAACGTTA-1,5
GCGCAAATATATTCAA-1,6
GCGCAAGAGCGCGCTG-1,1
GCGCATCCAGTCAGCA-1,1
GCGCCGTTCCACGATA-1,5
GCGCCTCCCACTCCGA-1,3
GCGCGGTCTAGTAACT-1,5
GCGCGTCATTGGTACA-1,7
GCGCTAAGTATGCATG-1,3
GCGCTAATTGAATAGA-1,5
GCGCTATGCCGAGGCA-1,5
GCGCTGATCCAGACTC-1,1
GCGCTGCTTTGCATTT-1,1
GCGCTTAAATAATTGG-1,1
GCGGACCGCGTTGTGG-1,6
GCGGAGAAACTTCGCA-1,6
GCGGAGAGGGAGAACG-1,7
GCGGCAAAGTATTGCC-1,6
GCGGCTCTGACGTACC-1,5
GCGGGAACCAGGCCCT-1,1
GCGGGCGAGCCTTACC-1,6
GCGGTCCCTAGACGCA-1,1
GCGGTGAACTGCGCTC-1,1
GCGGTTCCCTATCATG-1,6
GCGTAAATGGCCATAA-1,1
GCGTCCCTAAGACATA-1,6
GCGTCGAAATGTCGGT-1,7
GCGTCGCCAGGGTGAT-1,5
GCGTCTCTGCATTGGG-1,5
GCGTGGTACTGGGTTA-1,1
GCGTGTATGTCGTATT-1,3
GCGTTATATTTGGAAC-1,1
GCGTTCGGAGACCGGG-1,1
GCTAAACCTGAGGTGA-1,1
GCTAACTGAAGTCTGA-1,1
GCTAAGTAAAGGCGAT-1,1
GCTAAGTAGTTTCTCT-1,7
GCTAATACCGAATGCC-1,7
GCTACAATCGAGGATA-1,3
GCTACAGTACGGACCG-1,5
GCTACGACTTATTGGG-1,5
GCTACTATAGTAGAGT-1,1
GCTAGACCGTCTACTG-1,1
GCTAGAGTAGAGATGT-1,1
GCTAGCAGGGAGTGGG-1,1
GCTAGCGATAGGTCTT-1,6
GCTAGCTTGAATAGCT-1,6
GCTAGGCACCACGGAG-1,7
GCTAGTAGAGCTTGTA-1,5
GCTAGTTTCATTGAGG-1,1
GCTATACGTCTCGGAC-1,1
GCTATCATACTCATGG-1,7
GCTATCGCGGCGCAAC-1,1
GCTCAATCCGTTTATT-1,6
GCTCAATGTAATACCG-1,5
GCTCATTACTGCATGT-1,1
GCTCCCAGTCGGTCCA-1,3
GCTCCGCTCGCTTCAG-1,3
GCTCCGGACGTTGATA-1,3
GCTCCTGACATACTGG-1,6
GCTCGCGGTTCCGCTC-1,1
GCTCGCTCATGTCCAA-1,1
GCTCGGAATTTAAAGC-1,7
GCTCTAAACCCTGACG-1,7
GCTCTATGTTACGTGC-1,7
GCTCTCGGGTACCGAA-1,5
GCTCTTTCCGCTAGTG-1,5
GCTGAATCTTCCAATC-1,6
GCTGAGGCGTGAGTAT-1,5
GCTGCACGGTTTCTTA-1,5
GCTGCTAAGTAGTCGA-1,5
GCTGCTACTGCGTAGC-1,7
GCTGCTCTCCGGACAC-1,5
GCTGGACCCAAAGTGG-1,3
GCTGGCATATTCACCT-1,7
GCTGGCGGCGCATGCT-1,5
GCTGGGTCCGCTGTTA-1,2
GCTGGTTTAGGCCATA-1,6
GCTGTATTACTGGCCC-1,6
GCTGTCTGTGATCGAC-1,3
GCTGTTGCTACCGAAC-1,1
GCTTAATGTAACTAAC-1,7
GCTTACGTAGTTAGTA-1,3
GCTTATGAAGCAGGAA-1,7
GCTTCCGTCCCTAGAC-1,7
GCTTCGACGTTCAATC-1,6
GCTTGATGATAATCAG-1,1
GCTTGGATCGATTAGG-1,1
GCTTTCAGAGGAGGTG-1,1
GGAAACCTTGTTGAAT-1,3
GGAAACTAAATGGGCC-1,3
GGAAAGTGCCCATGCC-1,1
GGAACCGTGTAAATTG-1,6
GGAACCTTGACTCTGC-1,6
GGAACGGCCTGCAGCC-1,1
GGAACTTTGGCGATTA-1,3
GGAAGCTCGCTTACAG-1,1
GGAATAACCTCAAGAA-1,3
GGAATGCGCTAGCGTG-1,7
GGACACAAGTTTACAC-1,3
GGACCAACAGGATAAC-1,5
GGACCTACGGTAACGT-1,3
GGACCTCTAGGCCGCC-1,6
GGACGGCTTGCGCAAC-1,3
GGACTCGACAGCGCAT-1,5
GGACTCGTGAGTGGTC-1,6
GGAGAAGTCATTGGCA-1,7
GGAGACCATCTACATA-1,5
GGAGACGACACCTTTG-1,5
GGAGCAACATTTCAAG-1,3
GGAGCACCAAGAACTA-1,7
GGAGCGAGGCCTACTT-1,5
GGAGGATTGAAAGGAG-1,1
GGAGGCCGAAGTCGTC-1,3
GGAGGCGAAGAACCGC-1,3
GGAGGGCTTGGTTGGC-1,7
GGAGGGTCAAGTAAGA-1,3
GGAGTGCCGCCCTGGA-1,7
GGATACTCATGAATTG-1,3
GGATCAAAGGACGAGG-1,3
GGATCATCCCGTACGC-1,1
GGATCCCTACCAGCTA-1,2
GGATCCGGAATATACT-1,7
GGATCTTACTGCCCTT-1,6
GGATCTTGACTCAACC-1,6
GGATGAAGATCGCTGA-1,1
GGATGACGCGAGTTTA-1,5
GGATGCTGGCGTTCCT-1,5
GGATGTCCTTACCGCA-1,7
GGATTAAGCTAAGGTC-1,1
GGATTCAGTACGGTGG-1,1
GGATTCCGCTATACCC-1,7
GGATTGCTGTGACTCC-1,1
GGATTTCACTTCTATA-1,7
GGCAAAGGCGCCAATA-1,6
GGCAAATTACTTTACT-1,5
GGCAAGCCCATAGTGG-1,5
GGCAAGGCGAAATAGC-1,5
GGCAATAGTCAATGAG-1,5
GGCACTCCACTGGGCA-1,5
GGCAGCAAACCTATGC-1,1
GGCAGCGGTAATCCTA-1,1
GGCATACAGGTAGCGG-1,7
GGCATATCGGTTCTGC-1,1
GGCATCAACGAGCACG-1,3
GGCCACAAGCGATGGC-1,4
GGCCCTCACCCACTTA-1,7
GGCCGAGACTCTGGTG-1,6
GGCCGGCGTCTGCTAT-1,7
GGCCGTTTGGGTTTCA-1,6
GGCCTGCTTCTCCCGA-1,3
GGCGAAATCTAACTTG-1,7
GGCGAGCATCGAGGAC-1,2
GGCGAGCGAAACGGCA-1,5
GGCGCAGGACATCTTC-1,5
GGCGCATGAATTGATG-1,5
GGCGCGGAGATCTTTC-1,1
GGCGCGTTCGAGTTTA-1,5
GGCGCTCCTCATCAAT-1,2
GGCGCTTCATTCCCTG-1,7
GGCGGAGTAATATTAG-1,5
GGCGGTAGGATCATTG-1,5
GGCGGTTTGCCGGTGC-1,2
GGCGTACCCTATATAA-1,4
GGCGTAGGGAAAGCTG-1,7
GGCGTCCTATCCGCTG-1,7
GGCTAAAGGGCGGGTC-1,1
GGCTACTATACACTCC-1,6
GGCTATTAAGTTGTAT-1,5
GGCTCCTCCACCTGTT-1,6
GGCTCGCGTTGAGGTA-1,1
GGCTCGTGCCACCAGC-1,1
GGCTCTGCTCCAACGC-1,7
GGCTGAAATAGCAAAG-1,7
GGCTGAGCATCGTAAG-1,3
GGCTGGCTAGCTTAAA-1,2
GGCTTTCAATAAGGGT-1,5
GGGAACCACCTGTTTC-1,4
GGGAACGGGAGGTTAG-1,5
GGGAACGGTTTCAGAT-1,6
GGGAAGACGGTCTGTC-1,7
GGGAAGGGCTTTCTCA-1,1
GGGAATGAGCCCTCAC-1,3
GGGACAGAGTTACTCC-1,6
GGGACCCGTATATCTT-1,5
GGGACTGCATAGATAG-1,5
GGGAGAACTCACAGTA-1,5
GGGAGGATGCCCGAAA-1,5
GGGAGTAATGGCTGGC-1,3
GGGAGTTAATGAGGCG-1,5
GGGATGGACCCGCGTC-1,6
GGGATGGTCGTAACCG-1,6
GGGATTTACCGCACCT-1,7
GGGCAACCGCACGTGC-1,6
GGGCAGAGCAATCGTT-1,5
GGGCAGGATTTCTGTG-1,6
GGGCCATTCGTGCTGG-1,6
GGGCCCGTCTTAAACA-1,5
GGGCCCTACGAAAGGG-1,7
GGGCCGGCCGAAGTAC-1,7
GGGCCTAAATGGGCTA-1,5
GGGCGATATGTGTGAA-1,5
GGGCGGCAAATGAATT-1,6
GGGCGGGTTCCCTACG-1,5
GGGCGGTCCTATTGTC-1,3
GGGCGTACATTTATAT-1,7
GGGCGTCACCACGTAA-1,6
GGGCGTCCACTGGCTC-1,1
GGGCGTGGTTTCCCAG-1,7
GGGCGTTTACATTCAT-1,6
GGGCTATGATCGATGG-1,5
GGGCTCATCGAACCCA-1,7
GGGCTGCCTAGGGCGA-1,5
GGGCTGGTTAGTCGCG-1,5
GGGTAATGCTGTGTTT-1,2
GGGTACACTCTGGAGG-1,2
GGGTACCCACGGTCCT-1,3
GGGTACTTCATGAACT-1,5
GGGTATGTATGCACTT-1,7
GGGTATTCTAGCAAAC-1,6
GGGTCACCGTGACGGT-1,5
GGGTCACGTGCTTATG-1,3
GGGTCAGGAGCTAGAT-1,5
GGGTCATGCGTACCAT-1,2
GGGTCGTGGCAAGTGT-1,1
GGGTCTATCGCTTTCC-1,3
GGGTGACACCTTAACT-1,5
GGGTGCATATGAAAGC-1,3
GGGTGGTCCAGCCTGT-1,1
GGGTGTTTCAGCTATG-1,7
GGGTTAACATTTGAGT-1,6
GGGTTCAGACGAACAA-1,2
GGGTTTAGGATAGGAT-1,1
GGTAAATGTGCGTTAC-1,1
GGTAACCGGGAGGATA-1,6
GGTAACTATGTATCTG-1,3
GGTACAAACATGCTAT-1,5
GGTACATCTGGGACGA-1,7
GGTACCATTAAGACGG-1,1
GGTAGAAGACCGCCTG-1,5
GGTAGACCGTTGGGCG-1,5
GGTAGTGCTCGCACCA-1,5
GGTATAGTGACACATA-1,3
GGTATTGCCGAGTTTA-1,5
GGTCAAGACTACTTCG-1,3
GGTCACGTTAGATTCA-1,4
GGTCAGTGGGTCCCAC-1,5
GGTCATTGTAGTCATA-1,3
GGTCCTTCATACGACT-1,2
GGTCGGATAAACGGCG-1,1
GGTCGGCCAGGAGCTT-1,7
GGTCGGTAATTAGACA-1,3
GGTCGGTCGTCCACAG-1,5
GGTCGTAAGCTCGCAC-1,6
GGTCTCCGTCCAGGTT-1,3
GGTCTCTGAATGGACT-1,6
GGTCTGAGAATCTGGA-1,7
GGTCTTGAGCGCTCTT-1,5
GGTGAAACCGGGAATG-1,3
GGTGAACGGGCTAGCC-1,4
GGTGAAGTACAGGGAT-1,6
GGTGAGATGCAGATAA-1,1
GGTGATAAGGAGCAGT-1,7
GGTGATTTCATCTTGT-1,3
GGTGCAGAGCCTATCG-1,3
GGTGCATAAATGATTA-1,5
GGTGCGGATAAGTGGC-1,1
GGTGCTGATCACAAAG-1,1
GGTGCTGGTACACATT-1,5
GGTGGACCACGTGTTA-1,3
GGTGGACTGCTCTGGC-1,7
GGTGTAAATCGATTGT-1,5
GGTGTTCTGTTTCTAC-1,3
GGTTACCACCCTCGGG-1,6
GGTTAGCTATATGTCT-1,7
GGTTAGGCTTGGAGAA-1,7
GGTTAGTTACGGCGCC-1,1
GGTTCCACCCGCTTCT-1,3
GGTTCTACTCGTCTGA-1,1
GGTTGTATCGTGAAAT-1,4
GGTTGTGTAGCCTGGC-1,7
GGTTTAATTACCATCG-1,6
GGTTTACAATCTCAAT-1,7
GGTTTAGCCTTTCTTG-1,1
GGTTTCAATCGGTCAG-1,7
GGTTTGAGTGCTGGAA-1,3
GGTTTGTGACCTGAGG-1,3
GTAACATCTAAGATAA-1,3
GTAACTGCCCAAGGAG-1,6
GTAACTTGCGGCAGTC-1,3
GTAAGCGGGCAGTCAG-1,7
GTAAGGATTTGTCGGA-1,1
GTAAGTAACAGTCTGG-1,7
GTAAGTAGGGTATACC-1,7
GTAATAAAGGGCTCCC-1,1
GTAATCTGATTCTTCG-1,6
GTACACTTACCTGAAG-1,5
GTACAGAGGCAAGGGT-1,7
GTACGACGGCGCTGCG-1,2
GTACGAGATTGCGACA-1,7
GTACGCTTCATTGCAC-1,5
GTACGTCACGTATTAA-1,3
GTACGTTTGCCCGTCA-1,5
GTACTAAGATTTGGAG-1,5
GTACTCCCTTATCGCT-1,5
GTACTCCTGGGTATGC-1,1
GTACTGAGGTCGTAAC-1,3
GTACTGCATGAAGCGT-1,3
GTACTGGAGTTAGACC-1,7
GTACTTGGGCACTTCT-1,1
GTAGAAACGGGTGGAG-1,1
GTAGACAACCGATGAA-1,3
GTAGACACGCCTGACT-1,5
GTAGACGTCGTTACAT-1,3
GTAGAGGGAGACAAGT-1,6
GTAGCCAAACATGGGA-1,5
GTAGCGCTGTTGTAGT-1,3
GTAGCGGCTATACACT-1,5
GTAGCTAGTAAGCGCG-1,3
GTAGCTCCGGGAGGCT-1,6
GTAGCTTCCTCTTGTT-1,7
GTAGGTGATCCGTGTA-1,1
GTAGTCGCGGGAATCA-1,7
GTAGTCTACGATATTG-1,7
GTAGTTCGAAGGCGAA-1,6
GTATAATCTCCCGGAT-1,2
GTATAGGACTCAGTAG-1,7
GTATAGTGGCCCATGT-1,3
GTATATGTTACGGCGG-1,2
GTATCAAACGTTAGCT-1,1
GTATCAGCTTGGGTTC-1,1
GTATCCTTTGGTAACC-1,1
GTATCGGGACGAGCTG-1,2
GTATCTCAGTCTTGAC-1,6
GTATCTCCCTAACTGT-1,4
GTATCTTGTTGCTCAC-1,4
GTATCTTTCATAACCA-1,5
GTATGAAATTTCACTC-1,6
GTATGACGTGGGAAAC-1,2
GTATGTGGGTCTAGTT-1,7
GTATTAAGGCGTCTAA-1,1
GTATTCTGAGAAACGA-1,6
GTATTTAATGGCATAA-1,3
GTCAAAGAAGTGGTGT-1,6
GTCAAAGTTTACATAG-1,3
GTCAACCAGGCCTATA-1,3
GTCAAGCGGACTCGGG-1,5
GTCAATTGTACTGAAG-1,4
GTCACAAAGTTTCCAA-1,1
GTCACCTGTCTATGTC-1,3
GTCACTCTCCAAATCT-1,1
GTCAGAATAGTCTATG-1,7
GTCAGTTGTGCTCGTT-1,1
GTCAGTTTGGTAGTCG-1,1
GTCATCTCCTACAGCT-1,2
GTCATGCACCTCCGTT-1,5
GTCATGCGCGAGGGCT-1,1
GTCATGGACATGACTA-1,5
GTCATTAGAGCGAACG-1,5
GTCATTGCATTGACCC-1,1
GTCCAATATTTAGCCT-1,5
GTCCATTACTGCTACG-1,1
GTCCCAACGTAAAGTA-1,5
GTCCCGCGACGTTATG-1,7
GTCCGGACCTGAAATT-1,1
GTCCGGCTGAATTGCG-1,5
GTCCTACAGGCGGCTC-1,2
GTCCTACGAATAGTCT-1,1
GTCCTAGGATACCTTA-1,6
GTCCTTCTAGTGGGTT-1,1
GTCCTTTAATGACTTC-1,3
GTCGAATTTGGGCGCT-1,6
GTCGCCGTTGTGTGTT-1,6
GTCGCGTAACCCGTTG-1,5
GTCGGATATCTCAGAC-1,7
GTCGGATGTAGCGCGC-1,1
GTCGGGAAGCAGAAAC-1,5
GTCGTACCATCTCGGG-1,5
GTCGTATTGGCGTACA-1,1
GTCGTCAATTATAAGG-1,3
GTCGTGTCTGGTCATC-1,3
GTCGTTATTCGCTTAT-1,5
GTCTACTCAATTACAA-1,7
GTCTAGTGAGCCGCTT-1,1
GTCTATCTGAGTTTCT-1,5
GTCTATTGGTTCCGGT-1,1
GTCTCAAGGCCCGGCT-1,5
GTCTCCTGCCAGTATG-1,6
GTCTCGACTAAGTTTG-1,3
GTCTCGATCTGCTTTC-1,7
GTCTCGCCAACACGCC-1,3
GTCTGGGCGGTCGAGA-1,6
GTCTGTAGGTTGAACA-1,6
GTCTTAGTACAGCCGG-1,1
GTCTTGAGGAGCAGTG-1,3
GTCTTGTAGCTATTCA-1,3
GTGAAACGGCGCCACC-1,7
GTGAAACGTGCTCCAC-1,3
GTGAACTCCCATTCGA-1,1
GTGAAGATTTCAAGTG-1,1
GTGAAGCCGTATAGTC-1,3
GTGAAGTCACGACTCG-1,5
GTGACAGCTTCCCACT-1,7
GTGACCGCACACTACG-1,7
GTGACGAGGGTGACCC-1,3
GTGACGCAGGTTTCAT-1,7
GTGACTTCAGTAGTGC-1,5
GTGAGATAACCTTATA-1,6
GTGAGCGTGCTGCACT-1,7
GTGAGGACACTTAAGG-1,5
GTGAGGAGCGGTTGAG-1,1
GTGAGTGGTACAACGC-1,5
GTGATCAAGCGTGCAC-1,6
GTGATCACTAACGCCT-1,1
GTGATCATAGATCTGC-1,5
GTGATCCTTGTCATGA-1,1
GTGATGCACAACATCT-1,1
GTGATTCGCCGCTCAA-1,6
GTGCAACAAATGTGGC-1,1
GTGCACCAGCTTCAAC-1,5
GTGCACGAAAGTGACT-1,7
GTGCCATCACACGGTG-1,5
GTGCCCGTTCGGATTC-1,7
GTGCCGCTTCAAAGGT-1,6
GTGCCTAGCTATGCTT-1,2
GTGCCTCAGTGTACGG-1,1
GTGCGAAATCGAACAC-1,6
GTGCGACAGGGAGTGT-1,1
GTGCGCAGCTTGCTCC-1,4
GTGCGCTTACAAATGA-1,4
GTGCGGGACCATCGGC-1,4
GTGCGGGTCTCCAAAT-1,7
GTGCGTGTATATGAGC-1,7
GTGCTCAAGTACTGTC-1,5
GTGCTTACATCAGCGC-1,3
GTGGAACCTACATGCG-1,1
GTGGACCAACCCGATT-1,5
GTGGACGCATTTGTCC-1,5
GTGGACGTGCTGAGAC-1,1
GTGGAGCGTTTACCGA-1,6
GTGGAGTCGGCGGTTG-1,6
GTGGCAAACAGCGGCA-1,6
GTGGCCGGTTTCTCGG-1,6
GTGGCGGGCCGTAGCT-1,3
GTGGCGGTCCCAGCGT-1,5
GTGGCGTGCACCAGAG-1,3
GTGGGAAGACTGAATC-1,5
GTGGGCTTAGACACAC-1,7
GTGGTATAGTCTGCCG-1,6
GTGGTCAGCGAAGTAT-1,1
GTGGTGGCCAAGTGAA-1,7
GTGGTTACTTCTTTCG-1,1
GTGGTTTCCGCCTTTC-1,5
GTGTACCTTGGCTACG-1,7
GTGTATATCAGCGGGC-1,7
GTGTATGACTTTAAAG-1,4
GTGTCAGTGTACGTGG-1,6
GTGTCCGATAAGGCAT-1,3
GTGTCGTATAGCGTTC-1,7
GTGTGAATAACTTAGG-1,7
GTGTGAGCCGAGGTGC-1,4
GTGTTACTATGCGTCC-1,5
GTTAAAGTAGGACTGG-1,7
GTTAACATCACTTAAA-1,7
GTTAACTATGTTGTCA-1,3
GTTAAGGGTGCGATGT-1,7
GTTAAGTTAGAGTGGG-1,3
GTTAATGTCTATCTTA-1,1
GTTACAATTGGTGACG-1,5
GTTACCTACAACTTGC-1,5
GTTACGAAATCCACGC-1,4
GTTACTTTGGGCCTAG-1,5
GTTAGAGTGTGCCGCT-1,1
GTTAGCCCATGACATC-1,7
GTTAGCCGTAAATCAA-1,3
GTTAGGCTACCCGTTT-1,6
GTTATAATACGGTGAA-1,3
GTTATATTATCTCCCT-1,5
GTTATCACCTTCTGAA-1,3
GTTATTAAATACGACC-1,3
GTTATTAACGTGGGAG-1,1
GTTCAATCTATGTCAA-1,3
GTTCACAGGAGTCTAG-1,7
GTTCAGTCGCCAAATG-1,5
GTTCATCGTTTGGCTG-1,1
GTTCCAAGACAGCGAC-1,2
GTTCCAGTCTGACCAT-1,1
GTTCCGTCCGCCTGCA-1,6
GTTCGCCATAAGTGCC-1,5
GTTCGCTGAGACGTCT-1,3
GTTCGGATCGGGAACA-1,3
GTTCGGGCGTACCATT-1,1
GTTCGTCTAAAGAACT-1,1
GTTCGTTGCGGACCAG-1,4
GTTCTTCCCTCGATGT-1,1
GTTGAACCGGTTCCAT-1,5
GTTGAGTCCCGCCGGT-1,7
GTTGCACGGAGTTTCG-1,7
GTTGCGGACGGTCAGG-1,3
GTTGGATTCAGTGGCT-1,1
GTTGGATTGAGAACAC-1,7
GTTGGATTTGCGTTGG-1,5
GTTGGTCATGCTATCC-1,5
GTTGTCGTGTTAGTTG-1,1
GTTTACGTTCCATCTG-1,5
GTTTCAAACGAGTTGT-1,3
GTTTCATATCGTCGCT-1,5
GTTTCCTGGAGGGTGA-1,7
GTTTCTGCAGTCTCCC-1,5
GTTTGACCAAATCCTA-1,5
GTTTGAGCGGTTATGT-1,4
GTTTGGCCCAAGTTAT-1,7
GTTTGGCCGCTCAGCG-1,3
GTTTGGGCTTGTGAGC-1,5
GTTTGGGTTTCGCCCG-1,1
GTTTGGTAGGGTCAAC-1,5
GTTTGGTGATCGGTGC-1,6
TAAACCCAGGAGGGCA-1,6
TAAAGAGCCCGAAACC-1,3
TAAAGCGGTATTTCCA-1,5
TAAAGCGTTAGGAGAA-1,7
TAAAGCTGCAATAGGG-1,1
TAAAGGAGAAACTAGT-1,3
TAAATGAATCCGTTTC-1,1
TAAATGCCGTCTCATG-1,3
TAAATTTAGTAACACC-1,6
TAACAAAGGGAGAAGC-1,1
TAACAATATTTGTTGC-1,1
TAACAGCGTTTGTGCT-1,6
TAACATACAATGTGGG-1,5
TAACATACACGCGATC-1,6
TAACCGCCCGCAGTGC-1,3
TAACCTACCGTCCGAG-1,1
TAACCTAGGGAGTCCA-1,3
TAACGCTTTGAGAGCG-1,1
TAACTATCGAAGGTCC-1,1
TAACTATTACGCCAAA-1,1
TAACTCATCCGCGCGG-1,5
TAACTCCATGGAGGCT-1,1
TAAGAGGGACAGGGAC-1,6
TAAGATTTAGCGGGAG-1,4
TAAGCAGGCGACACGC-1,7
TAAGCGCGAATCAAAT-1,6
TAAGGAACTTGTGGGA-1,1
TAAGGCAACATAAGAT-1,7
TAAGGCATAACATCAA-1,6
TAAGGCCCGTCACCCT-1,7
TAAGGCTGAATCCCTC-1,1
TAAGGGCCTGTCCGAT-1,1
TAAGGGCTGGGAGAGG-1,7
TAAGTAAATGTGCCGC-1,3
TAAGTAACATCTTGAC-1,6
TAAGTCGCCGAGTATC-1,6
TAAGTTGCGACGTAGG-1,1
TAATAAACAAGGAGAT-1,1
TAATACACAGTAGTAT-1,7
TAATAGAACAGAGTTA-1,6
TAATAGGTCACCAGAA-1,6
TAATAGTGACGACCAG-1,7
TAATATTGAAATTCGC-1,1
TAATCGATCCGTACGT-1,1
TAATGAAAGACCCTTG-1,1
TAATTACGTCAGTAGA-1,3
TAATTAGATGGATATG-1,2
TAATTAGGACATCCGT-1,1
TAATTGGAATCGGGAA-1,3
TACAAATTGCGGAGGT-1,3
TACAACGCACAACTCA-1,5
TACAAGCTGTTCACTG-1,4
TACAAGTCTCGTGCAT-1,7
TACAGAAACGGTGGGC-1,1
TACATAGGCATACACC-1,5
TACATCCCTATCCCTG-1,5
TACATTTCTAACGTGC-1,5
TACCAAATAGCCCAGA-1,5
TACCAATAAAGTACCA-1,7
TACCAGAAGTAGGTTC-1,6
TACCAGCTAGGTTTAA-1,1
TACCAGGAATCCCGTC-1,6
TACCGCGGACTTGCAG-1,1
TACCGGCTCACTGCCC-1,5
TACCGGTCGTTTCCAT-1,5
TACCGTAGGTTAACTA-1,5
TACCGTGCCTCGGACC-1,5
TACCTACTCCCAGTAT-1,5
TACCTCACGCTTGTAC-1,1
TACCTCAGTTGTCTGT-1,5
TACCTCCACACCAATG-1,6
TACCTGCTGCACTGTG-1,1
TACCTTAAGATTTCCC-1,6
TACGAACACGACTTCA-1,5
TACGACGCTTGCTGCG-1,5
TACGACTGCCTCTTAG-1,5
TACGAGAACTTCACGT-1,5
TACGATGTTGATCATC-1,5
TACGCAGTTCTTTCCT-1,5
TACGCCATATTCTAAT-1,5
TACGCCGAGGGTACCC-1,6
TACGCCTCCATTCCGA-1,5
TACGCTATAGAAACCT-1,1
TACGCTCGGTATTGGA-1,3
TACGCTGCTGTGTTAA-1,6
TACGGGATGCTAGCAG-1,7
TACGTAAAGCGGAGTG-1,3
TACGTACTAGTGCTGA-1,6
TACGTGCACTATGCTG-1,1
TACGTTTACCGGCAAT-1,5
TACTATGGTTCCTCAG-1,6
TACTCCTCTAGTTGAC-1,6
TACTCGGCACGCCGGG-1,7
TACTCTCCGAACAAAT-1,7
TACTCTTACTTTACTG-1,3
TACTCTTTCGTCTTCA-1,6
TACTGAACAGATTTAG-1,6
TACTGAGGGAAGAAAG-1,6
TACTGCAATCAATTAC-1,1
TACTGGACAGCTCGGC-1,7
TACTGTTTCTCTGGTA-1,3
TACTTGTTAGTAGTCC-1,7
TACTTTACTGAGCCGG-1,1
TACTTTCCGCACGCCA-1,5
TAGAAACCACTAAGTA-1,1
TAGAAAGGTGGCGCTA-1,7
TAGAAATTCACGTATA-1,7
TAGAATAGCCGATGAA-1,1
TAGAATTAAGGGCAAC-1,1
TAGACGAAACGCCAAT-1,7
TAGACGCCCGTACCGG-1,7
TAGACTACCTAGCGTT-1,1
TAGAGATCATGCAACT-1,5
TAGAGCTACGAAGAAC-1,1
TAGAGGTTCTACTTGT-1,1
TAGAGTCTAAGCGAAC-1,5
TAGATATGGACTGGAA-1,5
TAGATCCGAAGTCGCA-1,1
TAGATGGTTCCTTACT-1,1
TAGATTCAAAGTGCGG-1,6
TAGATTCCTGGTTATT-1,7
TAGCAACCTGTCACAA-1,1
TAGCAGTATGACTAAA-1,1
TAGCCAGAGGGTCCGG-1,2
TAGCCATTTCAAAGTC-1,7
TAGCCGGCGGTCAGCG-1,7
TAGCGTCCCTCGATTG-1,3
TAGCGTCCGGTGTGGT-1,7
TAGCGTTGGGTCTTAC-1,5
TAGCTAAGTCCGGGAG-1,5
TAGCTAGAAGGCATGA-1,6
TAGCTAGTGATGATGG-1,6
TAGCTCGCCTGATAAC-1,5
TAGCTGATGTGAAGCG-1,5
TAGGAACAGCCTCCAG-1,3
TAGGCATGTTACGCCA-1,7
TAGGCGATGAGGTCTC-1,6
TAGGCGGCTGCAAAGA-1,6
TAGGCTAAAGTGGCAC-1,1
TAGGGAGCTTGGGATG-1,1
TAGGGTGTTTCAAGAG-1,7
TAGGTCCAAGTAAGGA-1,1
TAGGTCGCCGGAACTG-1,1
TAGGTGACGATAACCT-1,7
TAGGTGAGCCCTACTC-1,7
TAGGTGCTCGCCTAGC-1,7
TAGGTGTTCCACAGAT-1,5
TAGGTTCGAGTTCGTC-1,5
TAGTACCACAACTTTC-1,6
TAGTACCTTAGTGGTC-1,1
TAGTAGCTTATACCAG-1,6
TAGTCCCGGAGACCAC-1,5
TAGTCCGCAGAGAATG-1,5
TAGTCCGTATGCATAA-1,2
TAGTCGATCACGGGTT-1,1
TAGTCTAACAACGAGA-1,5
TAGTCTGCGGCACATT-1,6
TAGTCTGTGACGTTGC-1,1
TAGTCTTTCCGAATTG-1,3
TAGTGCCCTCCAGAGT-1,5
TAGTGGAACTCATACA-1,3
TAGTGTCAGAAACGGC-1,1
TAGTTAAGATAGGATA-1,1
TAGTTTATTCTTGCTT-1,1
TATAAATCCACAAGCT-1,1
TATAAGTGAGGATAGC-1,1
TATACACAGACGCCTT-1,5
TATACACGCAAAGTAT-1,1
TATACCGAGTGCCACA-1,3
TATACGCGTCATCACT-1,5
TATACTCATGCGGCAA-1,1
TATAGAGTCGCTTGAA-1,6
TATAGATGGTCGCAGT-1,1
TATAGGGTACTCATGA-1,7
TATATAGGGCTTTACG-1,6
TATATATCGAGAAATG-1,6
TATATCAAAGTGATCT-1,6
TATATCCCTGGGAGGA-1,1
TATATTACAAATGTCG-1,3
TATATTCGCGTCGATA-1,1
TATCACAGCACGGGCA-1,3
TATCACCATGTAAAGT-1,3
TATCACCCAACCGACC-1,1
TATCACTTCGAGTAAC-1,1
TATCAGTGGCGTAGTC-1,6
TATCCAATTGGTTATC-1,7
TATCCATATCATGCGA-1,1
TATCCATCTCGGTTAG-1,6
TATCCGCACCGTCGGG-1,5
TATCCTATCAACTGGT-1,5
TATCCTGCATGGGAAT-1,1
TATCGATCTATGCATA-1,7
TATCGATGATTAAACG-1,7
TATCTACAGAGGTAAT-1,7
TATCTACCACAGCGGG-1,5
TATCTAGCCTAAAGGA-1,7
TATCTGAGCCGATATT-1,6
TATCTTGCAATACAAC-1,6
TATGAAGACAGGTGCG-1,1
TATGATAAATCTAACG-1,1
TATGATCCGGCACGCC-1,3
TATGATCTTCTCTTTA-1,1
TATGATTCTGCTTGGT-1,4
TATGCTCCCTACTTAC-1,5
TATGGAGTTTCTCGTT-1,4
TATGGATGTGCTACGC-1,5
TATGGCCCGGCCTCGC-1,7
TATGGGACCGAGCAGG-1,5
TATGGGTACGTATCGT-1,5
TATGGTCTGAGTAACA-1,5
TATGGTTAGTGGGAGA-1,1
TATGTAAAGTGCTTAA-1,6
TATGTAGAAACCCGGC-1,6
TATGTCAAGACCGACT-1,1
TATGTCTCATTGTGCC-1,7
TATTAACACCAAAGCA-1,6
TATTAACCTGACCGCG-1,6
TATTACCATCCTGCTT-1,1
TATTATGTTTGCCTGC-1,6
TATTCAATTCTAATCC-1,5
TATTCCACTCAGCTCG-1,5
TATTCCGAGCTGTTAT-1,7
TATTCCGGCAGTCCTA-1,3
TATTCCTCCGCCCACT-1,6
TATTCGTGCCAGAATA-1,5
TATTTAGTCTAGATCG-1,7
TATTTATACCGAGTAG-1,1
TATTTGATTTGCACAG-1,3
TATTTGTTACCCTTTA-1,7
TCAAACAACCGCGTCG-1,7
TCAAACTTAGATTGTT-1,5
TCAAATTTGAGACTCA-1,7
TCAACAAAGATAATTC-1,6
TCAACACATTGGGTAA-1,3
TCAACATAGCGCCCTA-1,6
TCAACATCGACCGAGA-1,5
TCAACCATGTTCGGGC-1,7
TCAACGAGGAGACAAA-1,5
TCAACGCAGGAAATAA-1,6
TCAACGCGACCGGCAG-1,5
TCAACTAACGTATAAC-1,1
TCAACTGCAGAGTCAG-1,3
TCAAGAAATACTAGCT-1,1
TCAAGCGCGGACGGTA-1,3
TCAAGGTTACTACACC-1,1
TCAATACGCCGTCATG-1,5
TCACAAACCGAGGTAC-1,1
TCACAGATCCTCAAAC-1,2
TCACAGCAAACTCGAA-1,6
TCACAGGAGAATAAGA-1,6
TCACAGGGAATCGCAA-1,7
TCACAGGTTATTGGGC-1,5
TCACATCTTATCTGAT-1,1
TCACCCTCTTAAGATT-1,5
TCACCGCTCGGCACTC-1,7
TCACGATGTCCGTGGA-1,6
TCACGCATTGTAGATC-1,5
TCACGGCCCAAGAGAG-1,6
TCACGGTCATCGCACA-1,7
TCACGTGCCCGATTCA-1,5
TCACTACGACCAATGC-1,1
TCACTATCGTGCAATC-1,4
TCACTCAGCGCATTAG-1,4
TCACTCGTGCAACGGC-1,1
TCAGAACCTCCACAGG-1,1
TCAGACGCTATAGAAG-1,5
TCAGCAAATGCATCTC-1,5
TCAGCAGTAGGCCCTG-1,6
TCAGCCAATCCGTAAA-1,3
TCAGGGCGCAAACTCG-1,1
TCAGGGTGCACGAAAC-1,1
TCAGGGTGTAACGTAA-1,5
TCAGGTTCTTTGAGAA-1,7
TCAGTACTGACCCGCG-1,7
TCAGTAGGGACTATAA-1,6
TCAGTGTATACGTCAT-1,6
TCAGTTACGGAATGAT-1,3
TCATACTTACAGATCC-1,1
TCATATGAGCTTTGTT-1,5
TCATCACTCGAGCTCG-1,1
TCATCCCAGAGGGTGG-1,1
TCATCGATGGTCCCAA-1,6
TCATGCAGGTTCTCAT-1,1
TCATTTAAGTCTCCGA-1,1
TCATTTAGAAGTGTGA-1,3
TCCAACTCAGCTATCT-1,1
TCCAACTTTAAATTCT-1,5
TCCAAGCCTAGACACA-1,7
TCCAATAAAGGCTACC-1,5
TCCACAATGGTTTACG-1,7
TCCACATCGTATATTG-1,5
TCCACCTCTAGCCTTT-1,5
TCCACTTTATCTAGGT-1,7
TCCAGAGCACCGGTTC-1,5
TCCAGCGCTATAAGCG-1,3
TCCAGGCGAGTACGGT-1,5
TCCAGGGTATATACGA-1,5
TCCATCAATACTAATC-1,6
TCCATTAGTTGGATAG-1,2
TCCATTGTGACCTCGT-1,1
TCCCAAACAGACAACG-1,3
TCCCAAAGACGAAGGA-1,5
TCCCAAAGCCCTAAAT-1,3
TCCCACGGAGGGAGCT-1,3
TCCCACTCTCTTCCGG-1,1
TCCCAGCTTTAGTCTG-1,5
TCCCAGGCTTAGCTAA-1,5
TCCCGCGTACTCCTGG-1,5
TCCCGGGTGTGCTGCT-1,5
TCCCGGTCAGGAATTT-1,4
TCCCGTCAGTCCCGCA-1,7
TCCCGTGTGCAATTTG-1,7
TCCCTAGATCAATAGG-1,3
TCCCTGGCGTATTAAC-1,6
TCCCTGGCTCGCTGGA-1,7
TCCCTTAGATTACTCG-1,1
TCCGAACTTGGCTTAC-1,7
TCCGAAGTAGTCACCA-1,3
TCCGAATGGTCCTGAG-1,3
TCCGACCGCTAATCAA-1,6
TCCGAGAAGGCTAAGC-1,4
TCCGATAATTGCCATA-1,7
TCCGATGACTGAGCTC-1,7
TCCGATGGTGCGACAT-1,7
TCCGATTACATTGCCG-1,7
TCCGCCTGTCTACAAG-1,7
TCCGCGGCAGCATCTG-1,7
TCCGCGGCCCAATGAA-1,1
TCCGCTGTCATCCCGG-1,7
TCCGCTTATCCCATTA-1,5
TCCGGAGGAAGGGCTG-1,3
TCCGGCCTAGCGTACA-1,1
TCCGGCCTGCATCGAT-1,3
TCCGGGCTTGACGGGA-1,1
TCCGGTTCGTCCGGTC-1,5
TCCGTAACCACAATCC-1,2
TCCGTTAAGCTAATAT-1,1
TCCGTTTAGCCTTGAA-1,7
TCCTAAATTGGGAAGC-1,5
TCCTAACCGTCGGGCA-1,6
TCCTACATCCACGGCC-1,7
TCCTAGCAAAGAAGCT-1,5
TCCTCCTAAGACATTC-1,5
TCCTCGGGCTGGGCTT-1,5
TCCTCTACGAGATGGC-1,1
TCCTCTCCAGTTGTCC-1,1
TCCTCTGGCCCATTAG-1,1
TCCTGCCAACTGGAGA-1,1
TCCTGCGTTGATACTC-1,5
TCCTGGCGCTGCCTGG-1,3
TCCTTACGACGGTCCG-1,1
TCCTTCAGTGGTCGAA-1,1
TCCTTGTCCTTTAATT-1,5
TCCTTTAAATCCGCTT-1,1
TCCTTTCTTACGCTTA-1,5
TCGAAATTTAGGACCA-1,7
TCGAAGAACCGAGCAC-1,1
TCGAATATCCCGCAGG-1,6
TCGACAACTGAACCCG-1,6
TCGAGACCAACACCGT-1,5
TCGAGCCAGGCAGGCC-1,6
TCGATAGGCTAGTCGC-1,3
TCGCAAAGATGCATTT-1,5
TCGCACCAGGAGGCAG-1,7
TCGCATAAAGGGCGCA-1,3
TCGCATCCCTAAGTGT-1,3
TCGCATTCAATGACTT-1,3
TCGCCCAACTGACTCC-1,3
TCGCCGAAGTTGCGTC-1,6
TCGCCGACATATTCGC-1,1
TCGCCGGTCGATCCGT-1,7
TCGCCTCGACCTGTTG-1,2
TCGCGTAGCAGTGTCC-1,1
TCGCGTCCAGAAGGTC-1,7
TCGCTAAACCGCTATC-1,1
TCGCTACTGGCTTTGA-1,7
TCGCTCGATATATTCC-1,5
TCGCTCGGCACCAGCG-1,3
TCGCTGGGCGGATTGT-1,5
TCGCTGTGCGTAAATC-1,1
TCGCTTTAAACGTTTG-1,7
TCGGAATGACCATCAA-1,1
TCGGAATGCGCTCTGA-1,7
TCGGACGCCCAGCCCA-1,7
TCGGAGAGTATCGGGA-1,5
TCGGAGTACATGAGTA-1,5
TCGGATCTGGATGACC-1,6
TCGGCGAACCCAAACC-1,1
TCGGCGTACTGCACAA-1,5
TCGGCTAACTTCCCTT-1,3
TCGGCTTGTATCGACG-1,1
TCGGGAACGTGCCTAG-1,1
TCGGGAGACAGCGTAC-1,7
TCGGGATTCAAACATA-1,5
TCGGGCACTTCTGGAT-1,4
TCGGGCCGTCGTGGTA-1,7
TCGGGTGAAACTGCTA-1,1
TCGGTCCCGACAATAG-1,6
TCGGTCCCTGACTCCA-1,1
TCGGTGACCGCTCCGG-1,3
TCGGTTAGCCATGTAG-1,3
TCGTAAGACGACATTG-1,7
TCGTAAGCTCCGAGGA-1,3
TCGTATAGTGCAATTA-1,1
TCGTATTACCCATTGC-1,5
TCGTATTTCGTCCGGA-1,1
TCGTCAAGTACGCGCA-1,6
TCGTCACACTGTTAGC-1,1
TCGTCCGCTGGCGTCT-1,7
TCGTCTTAGGCGTTAA-1,7
TCGTGTACTATGGATG-1,7
TCGTGTATTGGTCACG-1,3
TCGTGTCACGCTGACA-1,5
TCGTGTTCGACCACAA-1,3
TCGTTAGGAGTCCCTA-1,5
TCGTTCGTTATTATGT-1,1
TCGTTGCTATCCGGTC-1,6
TCGTTGGCTCGTCAAT-1,2
TCTAAAGAACAGTCTC-1,5
TCTAACTGTATGTAAA-1,1
TCTAATACTGCCTCAG-1,6
TCTACACGTTCATGCA-1,3
TCTACCCAATAGAGAG-1,3
TCTACCGTCCACAAGC-1,5
TCTAGCAATCTCCGCC-1,6
TCTAGCATCTTCGATG-1,7
TCTAGCATGCCCAGAA-1,5
TCTAGGTGGCGACGCT-1,1
TCTAGTGATATCGTGG-1,1
TCTAGTTATCAGAAGA-1,5
TCTATCATGCAGTTAC-1,1
TCTATCGGTCGCAACA-1,7
TCTATGCTATAACGAC-1,1
TCTATTACGCTGGCGA-1,3
TCTATTACTAGAGGAT-1,5
TCTCATGAGATAGGGT-1,7
TCTCCAACGTAGGTTA-1,7
TCTCCACAAGTTGAAT-1,1
TCTCCCTGGGCAGCGT-1,7
TCTCGAACGAGGTCAC-1,1
TCTCGACGTATCGCCG-1,3
TCTCGAGGAGGTTCGC-1,3
TCTCGGCTCCAGGACT-1,2
TCTCTAATAGCTGGTA-1,7
TCTCTCGCCGCACATA-1,3
TCTCTTACCGCGAACC-1,6
TCTGAACCGGTCGGCT-1,1
TCTGAACTCGTACCCG-1,1
TCTGAAGCACGTGGTC-1,7
TCTGAATTCCGTACAA-1,1
TCTGACTGTAATGGTT-1,2
TCTGAGCAATTGACTG-1,3
TCTGATGTATTCTGTC-1,7
TCTGCATACCTTGCTT-1,1
TCTGCCAGAAACTGCA-1,7
TCTGCGTCCGGTTTCT-1,2
TCTGGGAACCTTTGAA-1,1
TCTGGGTAGCGCTCAT-1,5
TCTGTCATACAAGAGC-1,3
TCTGTGACTGACCGTT-1,2
TCTGTGCCATCATAGT-1,7
TCTGTGGCTACATTTC-1,4
TCTGTTACCCAGCATA-1,6
TCTTACAGAGGTACCG-1,1
TCTTACCGGAACTCGT-1,1
TCTTACGGCATCCGAC-1,1
TCTTACTTATGCCTCT-1,1
TCTTAGAGCTCCAATT-1,1
TCTTAGAGTGAACTCT-1,1
TCTTATGGGTAGTACC-1,4
TCTTCCCATGGGCACA-1,1
TCTTCGAATAGACGTT-1,5
TCTTCGATACCAATAA-1,5
TCTTCTATAACCCGCC-1,1
TCTTGATGCGTAGCGA-1,5
TCTTGCTCCCGATACT-1,5
TCTTGGTAACACCAAA-1,7
TCTTTAAGACTATGAA-1,1
TCTTTAGAGTCTAACA-1,3
TCTTTCTCTTAAGGAG-1,1
TGAAACCTCAACTCAC-1,2
TGAAACTTATGCAAGC-1,1
TGAAAGGACCTGACTC-1,7
TGAACAAGCAGGGACT-1,6
TGAATACCGACGCGTA-1,7
TGAATGAGTGTTTCCC-1,5
TGAATGTCAGCCGGCC-1,3
TGACACTTCTCTTTGC-1,1
TGACAGGACAAGTCCA-1,6
TGACATCGAGCGGACC-1,1
TGACATGTAACGTGAC-1,5
TGACCAAATCTTAAAC-1,5
TGACCAGCTTCAAAGT-1,3
TGACCCAACTCACATT-1,2
TGACCCACGTTAGACA-1,5
TGACGAATATTTCCCT-1,5
TGACGATGCACTAGAA-1,1
TGACTATAATCCTTTC-1,5
TGACTCCGAATCATAC-1,6
TGAGAATGCTTTACCG-1,7
TGAGAGATTTACCACG-1,7
TGAGATCAAATACTCA-1,1
TGAGATTAGGCCCTAA-1,1
TGAGCAGTCGTGAAGT-1,4
TGAGCCATACAGTCTC-1,5
TGAGCGGAAAGTGTTC-1,5
TGAGCTTTAATGACGC-1,1
TGAGGAGTGCCAGCTT-1,5
TGAGGCATGTACTGTG-1,6
TGAGGTTGATCCCAAG-1,4
TGAGTAAATTAGCGTA-1,5
TGAGTGCCTCTTAAAT-1,6
TGAGTGGTCCGTGACG-1,7
TGAGTTAAAGACATTC-1,3
TGATACATTTAGCCGT-1,6
TGATAGCGGGATTCTA-1,1
TGATCAGGGAACTGCT-1,5
TGATCCCAGCATTAGT-1,1
TGATCGGTTTGACCCT-1,5
TGATCTACGCTGATCT-1,1
TGATCTCCGGCGCCAG-1,5
TGATGGCTGTTTCTGA-1,3
TGATGGGACTAAGTCA-1,2
TGATGTCAATTAAGTG-1,3
TGATTATGGCACGCAG-1,3
TGATTCAGGTCCCGCG-1,5
TGATTCCCGGTTACCT-1,5
TGATTCGTCTATCACT-1,5
TGATTCTGTCGCCGGT-1,6
TGATTTATTAGCTGTG-1,5
TGATTTCCTCCTGACG-1,1
TGCAACCCATCTGCGG-1,1
TGCAAGAATGACGTAA-1,5
TGCAATCTAACACGGT-1,1
TGCAATTTGGGCACGG-1,3
TGCACAGTGAAGTTAT-1,3
TGCACGAGTCGGCAGC-1,1
TGCACTATGTGAGTGC-1,2
TGCAGAACTATATCGT-1,5
TGCAGAGTACCGAGCA-1,5
TGCAGATCGTCCTAGG-1,5
TGCAGCTACGTACTTC-1,5
TGCAGGATCGGCAAAG-1,7
TGCAGTGGTAGGGAAC-1,6
TGCAGTTTCCTCCCAT-1,7
TGCATATGTCTGTCAC-1,7
TGCATGGATCGGATCT-1,7
TGCATGTGACCCATAG-1,6
TGCATGTGGTAATCTA-1,7
TGCCAAAGTCAGACTT-1,5
TGCCAATGGGTACTCT-1,6
TGCCACCTGGCGAAAC-1,7
TGCCAGTACGTGGAGA-1,5
TGCCATGGCTTATAAG-1,3
TGCCATTACTAAAGAA-1,7
TGCCCGTACCGTTAAA-1,5
TGCCGGATGTACGAGC-1,6
TGCCGTGGATCGTCCT-1,5
TGCCTAATTGAAGATT-1,3
TGCCTGACATCGGTCA-1,2
TGCCTGATCAAACGAT-1,7
TGCCTTGGCCAGGCAA-1,7
TGCGAATATGGGATTT-1,5
TGCGACACCCTAGTGC-1,6
TGCGACGGCCGAACGT-1,6
TGCGAGAATATTACCC-1,6
TGCGAGCCCTTCCGCG-1,3
TGCGCAAAGCATTTGG-1,5
TGCGCGATTAACGGAG-1,7
TGCGGACTTGACTCCG-1,7
TGCGGAGTAAAGGTGC-1,7
TGCGGCATAGTTCAAC-1,1
TGCGGGTATTGGGATC-1,3
TGCGGTCTACGAGTAA-1,3
TGCGGTGAAATTTCAT-1,1
TGCGTAAGAACCTGAT-1,5
TGCGTCATGACTGAGC-1,6
TGCGTGATTGGGTGTC-1,2
TGCGTTTGTTGACACT-1,5
TGCTAAGTGTCTATTT-1,1
TGCTATACAAACGGAC-1,3
TGCTCCACAGTTCTTA-1,1
TGCTCGGCGAAACCCA-1,5
TGCTCGGTGGGTCACC-1,7
TGCTCTTGAGAGTTTG-1,7
TGCTGGTTGGACAATT-1,1
TGCTGTTGAAGAACTC-1,5
TGCTTAGAGAGAATGC-1,6
TGCTTCCCAAGCAGTA-1,5
TGGAAACGGAGTGAAC-1,2
TGGAACCACTGACACA-1,1
TGGAAGAAGGGAACGT-1,5
TGGAAGACGAACACCA-1,1
TGGAAGGATAAAGATG-1,7
TGGAATATCCTTGACC-1,3
TGGAATTAGACGCTTT-1,1
TGGACCAATCTAAGAT-1,7
TGGACGCAATCCAGCC-1,6
TGGACTGTTCGCTCAA-1,5
TGGAGAATAATCGTCC-1,6
TGGAGCTAAAGTTCCC-1,1
TGGAGTGATGCGATGA-1,7
TGGCAAACTAAATTAC-1,7
TGGCAACTCGCGCGCC-1,7
TGGCAAGCACAAGTCG-1,5
TGGCAATGGGACGGCG-1,3
TGGCACGAGCTCGAGT-1,3
TGGCAGATTACGATCA-1,5
TGGCAGCAGTAATAGT-1,5
TGGCATGAAGTTTGGG-1,6
TGGCCAAACTGAAGTA-1,7
TGGCCAATTTGGTACT-1,5
TGGCCGTATATTGACC-1,7
TGGCGACTGCTCCAAA-1,6
TGGCGATCAAGTTATG-1,5
TGGCGGTGTGCGATTG-1,3
TGGCTACACTCTACCT-1,1
TGGCTATGTGACATAC-1,7
TGGCTCTTGTCGCGTA-1,5
TGGCTTTGGGTAGACA-1,7
TGGGAAATGCCTTTCC-1,1
TGGGATGCACTCATTC-1,1
TGGGCAATAGTTGGGT-1,3
TGGGCACAAACAGAAC-1,3
TGGGCACGTTCTATGG-1,1
TGGGCAGGCCACCGCA-1,3
TGGGCCACAAGAGCGC-1,7
TGGGCCCATACTAATT-1,7
TGGGCCTTGCCTGCAT-1,2
TGGGCGATACAATAAG-1,5
TGGGTAAGGTTCCCGC-1,1
TGGTAAGCAGGATTGA-1,5
TGGTAGAATATATGGG-1,1
TGGTATCGCATCCCAA-1,1
TGGTATCGGTCTGTAT-1,3
TGGTCCCACGCTACGG-1,5
TGGTCTGTTGGGCGTA-1,5
TGGTGATCGTATTTGT-1,1
TGGTTAACTTACATTT-1,6
TGGTTCAACGGGTAAT-1,5
TGGTTCGTAGCAAAGG-1,7
TGGTTGGAGGATCCTG-1,1
TGGTTTAAACGTGGGT-1,3
TGTAACTTGTCAACCT-1,2
TGTAATGACCACAATA-1,7
TGTACCCGACCCTAAT-1,6
TGTACCTACACGAGGG-1,1
TGTACGAACAAATCCG-1,5
TGTACGCTATCAGCTT-1,3
TGTACTGTGCCAAAGT-1,4
TGTAGCCATCCCATTC-1,3
TGTAGGAGAAATTTCC-1,7
TGTAGTGATCTATAAT-1,5
TGTATAACAGATCCTG-1,7
TGTATCCTTATTCCAT-1,3
TGTATGGCGCAGACAG-1,1
TGTATTTACCTAATGC-1,3
TGTCATTTGTTGGGAA-1,3
TGTCCACGGCTCAACT-1,3
TGTCCCGACATAGCAC-1,1
TGTCCGTGGCGCCTTT-1,1
TGTCCTAAGTCACCGC-1,7
TGTCGGCATGGTGGAA-1,2
TGTCGTTATCACATAT-1,6
TGTCTACAGTTTCTGT-1,1
TGTGACTACGCCAGTC-1,7
TGTGAGACTAGCCCAA-1,5
TGTGATTCCAGCGCTT-1,3
TGTGCCGGTGCCGGAA-1,1
TGTGCTTTACGTAAGA-1,7
TGTGGAGGAAGCTTAA-1,4
TGTGGCAAAGCGTATG-1,7
TGTGGCGGGCTTCTGG-1,5
TGTGGCTCCCACCAAC-1,3
TGTGGTTGCTAAAGCT-1,5
TGTGTCGCGAGTTGCA-1,1
TGTGTTCGTATCCAAG-1,7
TGTTATTGTATGTGGC-1,7
TGTTCCGCTTCCATGA-1,5
TGTTCCGGCCTGAGCT-1,5
TGTTCGTATTGCGGTG-1,5
TGTTCTTCCATTGACT-1,5
TGTTGTCAAGAAGTCT-1,7
TGTTTAATACTTCATC-1,1
TGTTTCGGTACTTCTC-1,7
TGTTTCTGAAGCGTGC-1,6
TGTTTGAGATCGTCAG-1,3
TTAAACAGAGTCCCGC-1,2
TTAAACCGGTAGCGAC-1,3
TTAAACCTGGTTCCTT-1,1
TTAAACTCGAATTCAT-1,1
TTAACACCTCGAACAT-1,1
TTAACCAACCCTCCCT-1,7
TTAACGTCGCAAGACC-1,1
TTAACTCACGCGTGGA-1,1
TTAACTTCAGGTAGGA-1,5
TTAAGACGAACGAACC-1,3
TTAAGATAGGATTGAC-1,1
TTAAGCCGACAACTTC-1,1
TTAAGCGCCTGACCCA-1,5
TTAAGGATACGGAGGT-1,4
TTAAGGCCCGTACTTT-1,6
TTAAGTATTGTTATCC-1,1
TTAATCAGTACGTCAG-1,7
TTAATGCGAGGTAACT-1,3
TTAATGTAGACCAGGT-1,5
TTAATTGCTTTGGGTG-1,7
TTAATTTCAGACGCGG-1,7
TTACAACTACGCATCC-1,7
TTACACGATCTGCGAC-1,3
TTACAGACCTAAATGA-1,1
TTACATCGTGGCCTGG-1,1
TTACATGCCACAACTA-1,1
TTACCATTGATTACCC-1,7
TTACCCATTGCCGGGT-1,1
TTACCCTAACAGTCCT-1,1
TTACCCTAGGGATTGG-1,5
TTACCGCCTTAGGGAA-1,2
TTACGGATGGTTCGAG-1,1
TTACGGTGTCACCGAG-1,4
TTACGTAGCGCGTGCT-1,3
TTACTAAAGGACTTTA-1,7
TTACTATCGGCTTCTC-1,7
TTACTCCGGCCGGGAA-1,7
TTACTCTGGTACGTAC-1,5
TTACTGGGATATTTCA-1,5
TTACTGTTTCTCTACG-1,3
TTAGAAGAACATGACT-1,5
TTAGAATAAGGGTCGG-1,6
TTAGACACGATCGTTG-1,1
TTAGACGAGTCACCTC-1,7
TTAGAGTTTAGAAGGA-1,7
TTAGATAGGTCGATAC-1,2
TTAGCAACATGGATGT-1,1
TTAGCTAATACGATCT-1,1
TTAGCTCTGTAATCCG-1,1
TTAGCTGATTTGCCGT-1,1
TTAGGTCATAACCGAC-1,6
TTAGTAAACCTGCTCT-1,1
TTAGTAGGGCGGCGGG-1,7
TTAGTTATTCGTGGCA-1,1
TTAGTTCAAGTGTTCG-1,3
TTATAGATGCACATTA-1,3
TTATAGGTAATTGTCT-1,7
TTATATACGCTGTCAC-1,5
TTATATTTGGCAATCC-1,5
TTATCCAATCGAACTC-1,3
TTATCCGGGATCTATA-1,7
TTATCCTCAAGGAATA-1,6
TTATCGCCTGCGAAGC-1,1
TTATCTGACATTAGGA-1,5
TTATCTGTATCATAAC-1,7
TTATGAATGAAAGGGA-1,5
TTATGACAAACTGGAT-1,7
TTATGATCTTAACGAA-1,7
TTATGCGTCCCGGTCC-1,3
TTATGTTTGCGATAGA-1,1
TTATTAGAGCGTGTTC-1,5
TTATTAGGGAAGCATC-1,1
TTATTTCATCCCAAAC-1,2
TTCAAAGTCTCTAGCC-1,5
TTCAACGACCCGACCG-1,7
TTCAAGCCGAGCTGAG-1,1
TTCAATACTCTGAATC-1,7
TTCAATTAGCCATAAT-1,1
TTCACGAAAGGATCAC-1,5
TTCACTCGAGCACCTA-1,5
TTCACTTCCTAGAACG-1,5
TTCAGAGTAACCTGAC-1,2
TTCAGCCCTGGTCCAC-1,7
TTCAGCTGGCGTGCCC-1,1
TTCAGGCGTCAAAGCC-1,5
TTCAGTTCAAGAGGAG-1,6
TTCATAGCCTTGTAAC-1,2
TTCATGGCGCAACAGG-1,7
TTCCAATCAGAGCTAG-1,1
TTCCAATCTGGCTATC-1,6
TTCCACACAGATTTGA-1,6
TTCCACATTTCTCGTC-1,3
TTCCAGACGAGATTTA-1,3
TTCCATCATGCGGTGA-1,1
TTCCATCGACAGCGTG-1,3
TTCCCGACGCTTCACT-1,3
TTCCCGGCGCCAATAG-1,5
TTCCGCAGAGAAATAT-1,1
TTCCGCGTGAGGCGAT-1,5
TTCCGGCCTTGAGGCT-1,6
TTCCGGCTCGACTTCT-1,3
TTCCGGTATCTGTGTC-1,3
TTCCGGTTACCCACTT-1,7
TTCCTCGAGGGTGTCT-1,7
TTCCTCGGACTAACCA-1,7
TTCCTCTGCCCGAATA-1,7
TTCCTTTCTGTGTTGC-1,2
TTCGACAGAGCCCGTG-1,5
TTCGACGGGAAGGGCG-1,7
TTCGCACTCGCGTGCT-1,7
TTCGCACTGTACGACA-1,5
TTCGCATCCGGAAGCA-1,2
TTCGCCGCTCGCGCTA-1,6
TTCGCGCGCCATACGA-1,6
TTCGCTAGGAAGTTGT-1,3
TTCGCTATCTGACGTG-1,1
TTCGGACTGATGCCTT-1,3
TTCGGACTGGGCATGG-1,6
TTCGGCAACCCGCTGA-1,1
TTCGGCTAGAGATGGT-1,1
TTCGGGACTAATCGCG-1,5
TTCGGGCGCTAGTCTT-1,6
TTCGGTACTGTAGAGG-1,5
TTCGTAATCCCAGCGG-1,1
TTCGTACTCCAGAACG-1,7
TTCGTTCAACGAAGTT-1,1
TTCTAACCGAAGCTTA-1,7
TTCTACCTCAATCGGT-1,6
TTCTACCTTTATGTTG-1,1
TTCTACTTGCGAGGGC-1,1
TTCTAGAAAGTCTTAT-1,6
TTCTAGGCCAATTGTG-1,7
TTCTATTAAACGCAGC-1,5
TTCTCTTACAGGTGAT-1,6
TTCTGACCGGGCTCAA-1,7
TTCTGCCGCGCCTAGA-1,5
TTCTGCGAGCGCCCTT-1,7
TTCTGCGGGTTAGCGG-1,7
TTCTGCTAGACTCCAA-1,1
TTCTTAGTGAACGGTG-1,1
TTCTTAGTGGCTCAGA-1,7
TTCTTATCCGCTGGGT-1,1
TTCTTCCCTTTGATAT-1,3
TTCTTCGCAATAGAGC-1,3
TTCTTGAGCCGCGCTA-1,6
TTCTTGCTAGCATCTC-1,3
TTCTTGGACGATCTGC-1,6
TTCTTGGAGTAATGAG-1,7
TTCTTGTAACCTAATG-1,1
TTCTTTGGTCGCGACG-1,1
TTGAAAGGTGTAAAGG-1,3
TTGAACGAATCCTTTG-1,2
TTGAACGACGTGCTGA-1,1
TTGAAGAATTCCCAGG-1,5
TTGAAGGATGGGCGCC-1,6
TTGAATATGGACTTTC-1,5
TTGAATCGTTGTATAA-1,5
TTGAATTCACGTGAGG-1,1
TTGACAGGAGCTCCCG-1,1
TTGACATGAACGTGGA-1,5
TTGACCAGGAACAACT-1,7
TTGACCATGTTCTCCG-1,7
TTGACCGTGTTAATGA-1,6
TTGACGATTCAGCACG-1,3
TTGACGCTCCATGAGC-1,1
TTGACTACCATATGGT-1,6
TTGACTATTGTCCGGC-1,1
TTGAGAAGTTTAGCAT-1,1
TTGAGAGTACTGCTAA-1,6
TTGAGCAGCCCACGGT-1,3
TTGAGCGCCACGTGAT-1,3
TTGAGGCATTTAACTC-1,1
TTGATCTAACTTTGTC-1,5
TTGATGTGTAGTCCCG-1,1
TTGATTAGCTGTTTCT-1,6
TTGATTATGCAGATGA-1,7
TTGCAAGAAGACTCCT-1,5
TTGCACAATTCAGAAA-1,5
TTGCACGGAGCAGCAC-1,7
TTGCATGCTGATCACG-1,5
TTGCCAAGCAGAACCC-1,3
TTGCCATAGCCCGCTC-1,6
TTGCCCTGATCACGGG-1,5
TTGCCGCAGACCTACA-1,6
TTGCCGCTTTCTAGTA-1,7
TTGCCGGTGATCCCTC-1,1
TTGCCTAATCCAAAGT-1,6
TTGCGGCATCAGAAAG-1,6
TTGCGGCGACTCATGC-1,3
TTGCGTAGTTTGAGGA-1,1
TTGCGTCGGCCAACCG-1,6
TTGCGTGAACGCTTAG-1,1
TTGCTAGCTACCAATC-1,2
TTGCTCCCATACCGGA-1,7
TTGCTGAAGGAACCAC-1,7
TTGCTGATCATGTTCG-1,5
TTGCTGCACCTATCCA-1,1
TTGCTGGCCGGGCTTC-1,1
TTGGAAGAATACAGTC-1,6
TTGGACATGTGGCTTA-1,5
TTGGACCATCTGGCAA-1,3
TTGGACCTATAACAGT-1,1
TTGGAGTCTCCCTTCT-1,3
TTGGATATCGTCTACG-1,5
TTGGATCGACTTCTGG-1,1
TTGGATTGGGTACCAC-1,1
TTGGCCATCTTGCGCT-1,2
TTGGCCTAGAATTTCG-1,1
TTGGCTCGCATGAGAC-1,1
TTGGGAAGACGAGCCG-1,5
TTGGGACACTGCCCGC-1,5
TTGGGACGTAAGAGTT-1,3
TTGGGCGGCGGTTGCC-1,5
TTGGTCACACTCGTAA-1,6
TTGGTTGCGGTGCGCG-1,6
TTGTAAGGACCTAAGT-1,6
TTGTAAGGCCAGTTGG-1,7
TTGTAATCCGTACTCG-1,5
TTGTATCACACAGAAT-1,1
TTGTCGTTCAGTTACC-1,7
TTGTGAACCTAATCCG-1,1
TTGTGAGGCATGACGC-1,5
TTGTGCAGCCACGTCA-1,7
TTGTGGCCCTGACAGT-1,7
TTGTGGTAGGAGGGAT-1,6
TTGTGGTGGTACTAAG-1,1
TTGTGTATGCCACCAA-1,5
TTGTGTTTCCCGAAAG-1,5
TTGTTAGCAAATTCGA-1,7
TTGTTCAGTGTGCTAC-1,7
TTGTTGTGTGTCAAGA-1,7
TTGTTTCACATCCAGG-1,6
TTGTTTCATTAGTCTA-1,6
TTGTTTCCATACAACT-1,5
TTGTTTGTATTACACG-1,6
TTGTTTGTGTAAATTC-1,3
